imo;vessel_name;vessel_type;flag;scraped_at;status
9744685;TIGER PLATA;Container Ship;;2026-07-02T18:11:21.677930+00:00;OK
9723253;BREMERHAVEN EXPRESS;Container Ship;;2026-07-02T18:11:31.694242+00:00;OK
9619464;MSC AGADIR;Container Ship;;2026-07-02T18:11:42.013604+00:00;OK
9720201;MSC DOMITILLE;Container Ship;;2026-07-02T18:11:54.626701+00:00;OK
9723241;CZECH;Container Ship;;2026-07-02T18:12:05.946433+00:00;OK
9527051;MAERSK LAMANAI;Container Ship;;2026-07-02T18:12:15.427055+00:00;OK
9630420;XIAMEN EXPRESS;Container Ship;;2026-07-02T18:12:26.010305+00:00;OK
9526954;MAERSK LOTA;Container Ship;;2026-07-02T18:12:37.600654+00:00;OK
9618305;MSC ATHENS;Container Ship;;2026-07-02T18:12:50.658352+00:00;OK
9526966;MAERSK LEON;Container Ship;;2026-07-02T18:13:03.144591+00:00;OK
9356141;MERCOSUL SUAPE;Container Ship;;2026-07-02T18:13:13.423816+00:00;OK
9622253;SAN RAPHAEL MAERSK;Container Ship;;2026-07-02T18:13:24.328609+00:00;OK
9366512;SPIRIT OF DUBAI;Container Ship;;2026-07-02T18:13:35.388486+00:00;OK
9348065;MAERSK MONTE ALEGRE;Container Ship;;2026-07-02T18:13:47.808878+00:00;OK
9622215;SAN MARCO MAERSK;Container Ship;;2026-07-02T18:13:57.413944+00:00;OK
9777175;CAPE ARTEMISIO;Container Ship;;2026-07-02T18:14:10.032769+00:00;OK
9687526;COPIAPO;Container Ship;;2026-07-02T18:14:22.489835+00:00;OK
9937323;ONE AMAZON;Container Ship;;2026-07-02T18:14:33.569461+00:00;OK
9444845;SANTA INES;Container Ship;;2026-07-02T18:14:44.580079+00:00;OK
9793923;ESPIRITO SANTO EXP;Container Ship;;2026-07-02T18:14:54.334089+00:00;OK
9527063;MAERSK LABREA;Container Ship;;2026-07-02T18:15:06.289678+00:00;OK
9768007;LAEM CHABANG EXPRESS;Container Ship;;2026-07-02T18:15:16.508644+00:00;OK
9348053;MAERSK MONTE AZUL;Container Ship;;2026-07-02T18:15:28.354914+00:00;OK
9945875;COSCO SHIPPING PERU;Container Ship;;2026-07-02T18:15:37.793049+00:00;OK
9250983;MSC DAMLA;Container Ship;;2026-07-02T18:15:48.055850+00:00;OK
9702077;MSC MELINE;Container Ship;;2026-07-02T18:15:58.325748+00:00;OK
9702261;MSC SARA ELENA;Container Ship;;2026-07-02T18:16:08.910749+00:00;OK
9623673;RDO FORTUNE;Container Ship;;2026-07-02T18:16:18.325344+00:00;OK
9970002;GREENLAND;Container Ship;;2026-07-02T18:16:28.049502+00:00;OK
9756729;MSC AVNI;Container Ship;;2026-07-02T18:16:39.866468+00:00;OK
9770751;MSC AINO;Container Ship;;2026-07-02T18:16:50.724710+00:00;OK
9327798;MSC LOS ANGELES;Container Ship;;2026-07-02T18:17:01.175467+00:00;OK
9527049;MAERSK LANCO;Container Ship;;2026-07-02T18:17:13.146701+00:00;OK
9945887;COSCO SHIPPING CHILE;Container Ship;;2026-07-02T18:17:22.618867+00:00;OK
9619438;MSC ALBANY;Container Ship;;2026-07-02T18:17:33.169549+00:00;OK
9722663;CMA CGM COLUMBIA;Container Ship;;2026-07-02T18:17:45.523927+00:00;OK
9619452;MSC ARICA;Container Ship;;2026-07-02T18:17:58.136454+00:00;OK
9945837;COSCOSHIPPING BRAZIL;Container Ship;;2026-07-02T18:18:10.415392+00:00;OK
9697002;MERCOSUL ITAJAI;Container Ship;;2026-07-02T18:18:20.062443+00:00;OK
9778088;MSC MADHU B;Container Ship;;2026-07-02T18:18:29.604026+00:00;OK
9214214;GSL ARCADIA;Container Ship;;2026-07-02T18:18:38.894881+00:00;OK
9813802;AS SABINE;Container Ship;;2026-07-02T18:18:49.381188+00:00;OK
9945863;COSCOSHIPPING MEXICO;Container Ship;;2026-07-02T18:18:59.536730+00:00;OK
9785469;MSC EUGENIA;Container Ship;;2026-07-02T18:19:10.896208+00:00;OK
9633939;CAP SAN ARTEMISSIO;Container Ship;;2026-07-02T18:19:23.162290+00:00;OK
9778076;MSC SHUBA B;Container Ship;;2026-07-02T18:19:36.077041+00:00;OK
9938274;CMA CGM SAO PAULO;Container Ship;;2026-07-02T18:19:47.958685+00:00;OK
9945851;COSCO URUGUAY;Container Ship;;2026-07-02T18:19:58.441836+00:00;OK
9356153;MERCOSUL SANTOS;Container Ship;;2026-07-02T18:20:08.228580+00:00;OK
9526916;MAERSK LETICIA;Container Ship;;2026-07-02T18:20:19.924107+00:00;OK
9654464;WIELAND;Container Ship;;2026-07-02T18:20:31.947236+00:00;OK
9938248;CMA CGM BAHIA;Container Ship;;2026-07-02T18:20:43.921323+00:00;OK
9938286;CMA CGM BELEM;Container Ship;;2026-07-02T18:20:54.670088+00:00;OK
9222302;MSC PETRA;Container Ship;;2026-07-02T18:21:07.349853+00:00;OK
9969998;CATHERINE C;Container Ship;;2026-07-02T18:21:18.057772+00:00;OK
9398228;MSC NOA;Container Ship;;2026-07-02T18:21:28.083881+00:00;OK
9085522;KURE;Container Ship;;2026-07-02T18:21:39.474431+00:00;OK
9945849;COSCO ARGENTINA;Container Ship;;2026-07-02T18:21:51.920996+00:00;OK
9731951;COSCO SHIPPING RHINE;Container Ship;;2026-07-02T18:22:04.548635+00:00;OK
9786724;WAN HAI V02;Container Ship;;2026-07-02T18:22:15.367129+00:00;OK
9937335;ONE PARANA;Container Ship;;2026-07-02T18:22:27.178618+00:00;OK
9247546;ENSENADA;Container Ship;;2026-07-02T18:22:39.536272+00:00;OK
9619426;MSC ALTAMIRA;Container Ship;;2026-07-02T18:22:51.371318+00:00;OK
9702089;MSC VITA;Container Ship;;2026-07-02T18:23:00.620435+00:00;OK
9710426;MSC ANZU;Container Ship;;2026-07-02T18:23:12.584776+00:00;OK
9629457;CARDIFF;Container Ship;;2026-07-02T18:23:23.722457+00:00;OK
9969089;CMA CGM MERCANTOUR;Container Ship;;2026-07-02T18:23:35.065290+00:00;OK
9629469;SWANSEA;Container Ship;;2026-07-02T18:23:47.092787+00:00;OK
9756731;MSC CARLOTTA;Container Ship;;2026-07-02T18:24:00.171339+00:00;OK
9605152;MSC LAGOS X;Container Ship;;2026-07-02T18:24:12.738661+00:00;OK
9527037;MAERSK LONDRINA;Container Ship;;2026-07-02T18:24:25.394344+00:00;OK
9283186;MAERSK MONTE LINZOR;Container Ship;;2026-07-02T18:24:36.684476+00:00;OK
9357949;MONTE TAMARO;Container Ship;;2026-07-02T18:24:46.769459+00:00;OK
9571296;LOGIN ENDURANCE;Container Ship;;2026-07-02T18:24:59.056107+00:00;OK
9267649;MSC PHOENIX;Container Ship;;2026-07-02T18:25:09.721023+00:00;OK
9222297;ATETI;Container Ship;;2026-07-02T18:25:22.075003+00:00;OK
9938250;CMA CGM BUZIOS;Container Ship;;2026-07-02T18:25:32.556189+00:00;OK
9938262;CMA CGM PARATY;Container Ship;;2026-07-02T18:25:41.777659+00:00;OK
9464247;MALIAKOS;Container Ship;;2026-07-02T18:25:53.372241+00:00;OK
9168867;MSC URSULA VI;Container Ship;;2026-07-02T18:26:02.672677+00:00;OK
9793961;KOTA PUSAKA;Container Ship;;2026-07-02T18:26:11.967360+00:00;OK
9622227;SAN LORENZO MAERSK;Container Ship;;2026-07-02T18:26:22.555743+00:00;OK
9227027;SUNNY PHOENIX;Container Ship;;2026-07-02T18:26:33.016963+00:00;OK
9786736;SAO PAULO EXPRESS;Container Ship;;2026-07-02T18:26:43.619147+00:00;OK
9938298;CMA CGM AMAZONIA;Container Ship;;2026-07-02T18:26:56.137027+00:00;OK
9350020;APL NEW JERSEY;Container Ship;;2026-07-02T18:27:06.051524+00:00;OK
9785457;MSC RAYSHMI;Container Ship;;2026-07-02T18:27:17.330535+00:00;OK
1016654;MSC LEILA;Container Ship;;2026-07-02T18:27:29.284624+00:00;OK
9531909;HANS SCHULTE;Container Ship;;2026-07-02T18:27:39.158258+00:00;OK
9793935;WAN HAI V01;Container Ship;;2026-07-02T18:27:51.559945+00:00;OK
1016666;MSC INSA;Container Ship;;2026-07-02T18:28:03.416953+00:00;OK
9605231;MSC DAKAR X;Container Ship;;2026-07-02T18:28:14.071654+00:00;OK
9793947;MSC SIYA B;Container Ship;;2026-07-02T18:28:23.256421+00:00;OK
9786712;KOTA PAHLAWAN;Container Ship;;2026-07-02T18:28:35.247655+00:00;OK
9632480;MAERSK RUBICON;Container Ship;;2026-07-02T20:24:54.541479+00:00;OK
9735218;MSC ELMA;Container Ship;;2026-07-02T20:25:04.874791+00:00;OK
9229829;DALIAN EXPRESS;Container Ship;;2026-07-02T20:25:17.558805+00:00;OK
9928188;MAERSK ACADIA;Container Ship;;2026-07-02T20:25:28.328827+00:00;OK
9622239;SAN AUGUSTIN MAERSK;Container Ship;;2026-07-02T20:25:38.065435+00:00;OK
9243162;VELIKA;Container Ship;;2026-07-02T20:25:48.388453+00:00;OK
9624299;MAERSK KARUN;Container Ship;;2026-07-02T20:25:58.420607+00:00;OK
9695028;MSC SOFIA PAZ;Container Ship;;2026-07-02T20:26:10.521336+00:00;OK
9506394;LOG-IN DISCOVERY;Container Ship;;2026-07-02T20:26:22.936622+00:00;OK
9731913;COSCOSHIPPING DANUBE;Container Ship;;2026-07-02T20:26:34.857877+00:00;OK
9146479;MSC VILDA X;Container Ship;;2026-07-02T20:26:44.359049+00:00;OK
9478494;NAVIOS DOMINO;Container Ship;;2026-07-02T20:26:54.703763+00:00;OK
9605243;MSC NAIROBI X;Container Ship;;2026-07-02T20:27:07.773200+00:00;OK
9442861;FLORIDA HIGHWAY;Vehicles Carrier;;2026-07-02T20:27:19.742177+00:00;OK
9442885;ADRIATIC HIGHWAY;Vehicles Carrier;;2026-07-02T20:27:30.097711+00:00;OK
9309277;MONA LISA;Container Ship;;2026-07-02T20:27:42.380234+00:00;OK
9312573;XIN WEI HAI;Container Ship;;2026-07-02T20:27:55.060915+00:00;OK
9968853;KOTA EBONY;Container Ship;;2026-07-02T20:28:06.138591+00:00;OK
9407160;SEASPAN EMPIRE;Container Ship;;2026-07-02T20:28:16.743813+00:00;OK
9793894;SALVADOR EXPRESS;Container Ship;;2026-07-02T20:28:27.567363+00:00;OK
9850800;EVER FAME;Container Ship;;2026-07-02T20:28:37.119826+00:00;OK
9227273;IRENES RESOLVE;Container Ship;;2026-07-02T20:28:46.570197+00:00;OK
9241190;CHLOE D;Container Ship;;2026-07-02T20:28:58.487807+00:00;OK
9225653;ALESSIA;Container Ship;;2026-07-02T20:29:09.489921+00:00;OK
9395953;ZIM BALTIMORE;Container Ship;;2026-07-02T20:29:19.140695+00:00;OK
9256470;MSC QINGDAO;Container Ship;;2026-07-02T20:29:28.454700+00:00;OK
9574107;DOVER HIGHWAY;Vehicles Carrier;;2026-07-02T20:29:38.930200+00:00;OK
9778105;MSC SHREYA B;Container Ship;;2026-07-02T20:29:48.310806+00:00;OK
9349540;JAZAN;Container Ship;;2026-07-02T20:29:58.529205+00:00;OK
9267637;MSC PEGASUS VII;Container Ship;;2026-07-02T20:30:09.417537+00:00;OK
9702065;MSC LETIZIA;Container Ship;;2026-07-02T20:30:21.327661+00:00;OK
9244946;MSC KALAMATA VII;Container Ship;;2026-07-02T20:30:32.243989+00:00;OK
9928205;MAERSK EVERGLADES;Container Ship;;2026-07-02T20:30:43.475653+00:00;OK
9720512;MSC MICHELA;Container Ship;;2026-07-02T20:30:52.575401+00:00;OK
9344681;MAERSK VENEZIA;Container Ship;;2026-07-02T20:31:05.007090+00:00;OK
9701140;GOODWOOD;Vehicles Carrier;;2026-07-02T20:31:15.839500+00:00;OK
9719874;CAPE PIONEER;Container Ship;;2026-07-02T20:31:27.203606+00:00;OK
9127021;MSC IZMIR F;Container Ship;;2026-07-02T20:31:38.781489+00:00;OK
9437385;LONCOMILLA;Container Ship;;2026-07-02T20:31:50.179155+00:00;OK
9405100;TIGER GAUCHO;Container Ship;;2026-07-02T20:32:02.269509+00:00;OK
9314935;AS CAROLINA;Container Ship;;2026-07-02T20:32:12.173274+00:00;OK
9722675;CMA CGM NIAGARA;Container Ship;;2026-07-02T20:32:21.892024+00:00;OK
9285988;EUROPE;Container Ship;;2026-07-02T20:32:34.452680+00:00;OK
9153862;EPAMINONDAS;Container Ship;;2026-07-02T20:32:47.279657+00:00;OK
9565546;CHESAPEAKE HIGHWAY;Vehicles Carrier;;2026-07-02T20:33:01.527628+00:00;OK
9953391;IRENES WISDOM;Container Ship;;2026-07-02T20:33:10.944352+00:00;OK
9193317;AMSTERDAM EXPRESS;Container Ship;;2026-07-02T20:33:23.834641+00:00;OK
9306196;PALENA;Container Ship;;2026-07-02T20:33:36.242545+00:00;OK
9526899;MAERSK LA PAZ;Container Ship;;2026-07-02T20:33:48.551478+00:00;OK
9793959;KOTA PURI;Container Ship;;2026-07-02T20:34:01.271302+00:00;OK
9372810;POLARIS LEADER;Vehicles Carrier;;2026-07-02T20:34:11.755080+00:00;OK
9246580;GRANDE NIGERIA;Ro-Ro Cargo Ship;;2026-07-02T20:34:23.730798+00:00;OK
9526942;MAERSK LAGUNA;Container Ship;;2026-07-02T20:34:34.847099+00:00;OK
9246607;GRANDE AMBURGO;Ro-Ro Cargo Ship;;2026-07-02T20:34:45.758990+00:00;OK
9527025;MAERSK LINS;Container Ship;;2026-07-02T20:34:58.566148+00:00;OK
9278155;MSC NERISSA V;Container Ship;;2026-07-02T20:35:10.281362+00:00;OK
9362437;CMA CGM PLATON;Container Ship;;2026-07-02T20:35:23.268215+00:00;OK
9729075;CMA CGM RODOLPHE;Container Ship;;2026-07-02T20:35:35.759005+00:00;OK
9324837;NAVIOS VERMILION;Container Ship;;2026-07-02T20:35:47.021353+00:00;OK
9953561;IRENES RULE;Container Ship;;2026-07-02T20:35:58.378569+00:00;OK
9649835;CMA CGM SANTOS;Container Ship;;2026-07-02T20:36:09.998307+00:00;OK
9706308;CMA CGM AMAZON;Container Ship;;2026-07-02T20:36:21.222501+00:00;OK
9330068;MSC SURABAYA VIII;Container Ship;;2026-07-02T20:36:31.371229+00:00;OK
9429326;VIVALDI;Container Ship;;2026-07-02T20:36:44.120706+00:00;OK
9458999;BROOKLYN BRIDGE;Container Ship;;2026-07-02T20:36:53.548315+00:00;OK
9850795;EVER FIT;Container Ship;;2026-07-02T20:37:04.391424+00:00;OK
9203538;MSC MALENA III;Container Ship;;2026-07-02T20:37:13.502022+00:00;OK
9196852;MSC ALMA VII;Container Ship;;2026-07-02T20:37:23.087828+00:00;OK
9471898;LOG-IN JATOBA;Container Ship;;2026-07-02T20:37:35.737363+00:00;OK
9618317;MSC ATHOS;Container Ship;;2026-07-02T20:37:46.245888+00:00;OK
9943085;MAERSK REDWOOD;Container Ship;;2026-07-02T20:37:59.305300+00:00;OK
9283239;MAERSK MONTE VERDE;Container Ship;;2026-07-02T20:38:09.698775+00:00;OK
9622241;SAN ANTONIO MAERSK;Container Ship;;2026-07-02T20:38:22.623323+00:00;OK
9360910;SEATTLE C;Container Ship;;2026-07-02T20:38:34.664497+00:00;OK
9453365;SPYROS V;Container Ship;;2026-07-02T20:38:46.215791+00:00;OK
9246592;GRANDE FRANCIA;Ro-Ro Cargo Ship;;2026-07-02T20:38:58.600186+00:00;OK
9247766;MSC TAURUS VII;Container Ship;;2026-07-02T20:39:08.092961+00:00;OK
9704960;MSC LILY;Container Ship;;2026-07-02T20:39:19.121225+00:00;OK
9261889;CMACGM FORT ST LOUIS;Container Ship;;2026-07-02T20:39:31.314512+00:00;OK
9262118;XIN CHONG QING;Container Ship;;2026-07-02T20:39:42.112536+00:00;OK
9409209;CMA CGM MAUPASSANT;Container Ship;;2026-07-02T20:39:52.842198+00:00;OK
9672088;GRANDE LAGOS;Ro-Ro Cargo Ship;;2026-07-02T20:40:03.418481+00:00;OK
9633941;CAP SAN MALEAS;Container Ship;;2026-07-02T20:40:16.266850+00:00;OK
9347554;HYUNDAI FAITH;Container Ship;;2026-07-02T20:40:28.683289+00:00;OK
9253208;GRANDE SAN PAOLO;Ro-Ro Cargo Ship;;2026-07-02T20:40:41.315645+00:00;OK
9704996;MSC JULIE;Container Ship;;2026-07-02T20:40:53.901295+00:00;OK
9219795;MSC DENISSE X;Container Ship;;2026-07-02T20:41:06.374723+00:00;OK
9399753;AS CASPRIA;Container Ship;;2026-07-02T20:41:16.780418+00:00;OK
9275397;MSC MANYA;Container Ship;;2026-07-02T20:41:27.291870+00:00;OK
9622203;SAN NICOLAS MAERSK;Container Ship;;2026-07-02T20:41:37.631071+00:00;OK
9974486;MSC TOGO;Container Ship;;2026-07-02T20:41:48.369681+00:00;OK
9450375;C HAMBURG;Container Ship;;2026-07-02T20:41:59.700225+00:00;OK
9567740;TANCHOU ARROW;General Cargo Ship;;2026-07-02T20:42:11.904711+00:00;OK
9706310;MSC ADONIS;Container Ship;;2026-07-02T20:42:24.306476+00:00;OK
9827255;VICTORIA HIGHWAY;Vehicles Carrier;;2026-07-02T20:42:35.112798+00:00;OK
9251690;MSC LUDOVICA;Container Ship;;2026-07-02T20:42:47.345288+00:00;OK
9337688;NYK DIANA;Container Ship;;2026-07-02T20:42:58.443310+00:00;OK
9770749;MSC BIANCA;Container Ship;;2026-07-02T20:43:10.419054+00:00;OK
9224300;SEASPAN HAMBURG;Container Ship;;2026-07-02T20:43:22.649824+00:00;OK
9302102;RDO ENDEAVOUR;Container Ship;;2026-07-02T20:43:33.071130+00:00;OK
9672090;GRANDE TEMA;Ro-Ro Cargo Ship;;2026-07-02T20:43:42.563446+00:00;OK
9332860;BF HAMBURG;Container Ship;;2026-07-02T20:43:54.041411+00:00;OK
9253026;ANNIE B;Container Ship;;2026-07-02T20:44:05.382314+00:00;OK
9974541;MSC NIGERIA;Container Ship;;2026-07-02T20:44:15.639210+00:00;OK
9710438;MSC CHANNE;Container Ship;;2026-07-02T20:44:27.513132+00:00;OK
9720483;MSC CHLOE;Container Ship;;2026-07-02T20:44:40.426489+00:00;OK
1016692;MSC ADELE;Container Ship;;2026-07-02T20:44:50.108527+00:00;OK
9288409;MSC YAMUNA VI;Container Ship;;2026-07-02T20:45:00.826151+00:00;OK
9307243;LE HAVRE;Container Ship;;2026-07-02T20:45:10.399540+00:00;OK
9991202;MAERSK FREEPORT;Container Ship;;2026-07-02T20:45:22.640352+00:00;OK
9778090;MSC YASHI B;Container Ship;;2026-07-02T20:45:32.813036+00:00;OK
9400083;MAIPO;Container Ship;;2026-07-02T20:45:44.726946+00:00;OK
9346304;HYUNDAI BRAVE;Container Ship;;2026-07-02T20:45:55.614932+00:00;OK
9961960;LOG-IN EVOLUTION;Container Ship;;2026-07-02T20:46:05.733674+00:00;OK
9978949;MSC MUGE;Container Ship;;2026-07-02T20:46:17.236666+00:00;OK
9619440;MSC ANCHORAGE;Container Ship;;2026-07-02T20:46:29.610617+00:00;OK
9310109;LIBERTY;Vehicles Carrier;;2026-07-02T20:46:39.885581+00:00;OK
9713351;SEASPAN BELIEF;Container Ship;;2026-07-02T20:46:51.723391+00:00;OK
9727613;CAPE KORTIA;Container Ship;;2026-07-02T20:47:01.605032+00:00;OK
9727625;CAPE SOUNIO;Container Ship;;2026-07-02T20:47:12.637125+00:00;OK
9202168;MYD TIANJIN;Container Ship;;2026-07-02T20:47:22.677901+00:00;OK
9402079;UAL FORTITUDE;General Cargo Ship;;2026-07-02T20:47:34.202017+00:00;OK
9318498;OPAL LEADER;Vehicles Carrier;;2026-07-02T20:47:46.323554+00:00;OK
9720495;MSC BRANKA;Container Ship;;2026-07-02T20:47:57.352183+00:00;OK
9286267;MSC GREENWICH;Container Ship;;2026-07-02T20:48:06.439383+00:00;OK
9565338;GSL ROSSI;Container Ship;;2026-07-02T20:48:16.870640+00:00;OK
9316141;ARC RESOLVE;Vehicles Carrier;;2026-07-02T20:48:27.153479+00:00;OK
9539494;MERCOSUL GUARUJA;Container Ship;;2026-07-02T20:48:38.900519+00:00;OK
9975583;MSC LE HAVRE;Container Ship;;2026-07-02T20:48:50.590989+00:00;OK
9450337;MSC JUBILEE IX;Container Ship;;2026-07-02T20:49:02.869252+00:00;OK
9450351;MSC JUSTICE VIII;Container Ship;;2026-07-02T20:49:15.636565+00:00;OK
9336062;MORNING CELESTA;Vehicles Carrier;;2026-07-02T20:49:27.469149+00:00;OK
9251688;MSC VANESSA;Container Ship;;2026-07-02T20:49:38.871538+00:00;OK
9767998;VUNG TAU EXPRESS;Container Ship;;2026-07-02T20:49:49.126768+00:00;OK
9312559;XIN CHANG SHA;Container Ship;;2026-07-02T20:50:00.868063+00:00;OK
9343974;MAERSK JAIPUR;Container Ship;;2026-07-02T20:50:13.189038+00:00;OK
9344643;SAN ALBERTO;Container Ship;;2026-07-02T20:50:25.612666+00:00;OK
9393022;MSC SHAY;Container Ship;;2026-07-02T20:50:37.700720+00:00;OK
9471886;LOG-IN JACARANDA;Container Ship;;2026-07-02T20:50:48.038078+00:00;OK
9630406;SEASPAN ZAMBEZI;Container Ship;;2026-07-02T20:50:58.488050+00:00;OK
9936513;ZIM THAILAND;Container Ship;;2026-07-02T20:51:09.486778+00:00;OK
9813826;AS SILJE;Container Ship;;2026-07-02T20:51:18.966324+00:00;OK
9625384;BARTOLOMEU DIAS;Container Ship;;2026-07-02T20:51:29.222828+00:00;OK
9629043;EVER LINKING;Container Ship;;2026-07-02T20:51:39.500102+00:00;OK
9618288;EMERALD TOWER;Container Ship;;2026-07-02T20:51:51.419220+00:00;OK
9631125;LORI;Container Ship;;2026-07-02T20:52:02.681506+00:00;OK
9628154;VALOR;Container Ship;;2026-07-02T20:52:13.486639+00:00;OK
9213806;SIRIUS;Vehicles Carrier;;2026-07-02T20:52:25.390044+00:00;OK
9337664;NYK DEMETER;Container Ship;;2026-07-02T20:52:38.376118+00:00;OK
9538658;CMA CGM NANSHA;Container Ship;;2026-07-02T20:52:47.454244+00:00;OK
9146467;MSC YUKTA X;Container Ship;;2026-07-02T20:52:58.134886+00:00;OK
9230232;NOBLE STAR;Container Ship;;2026-07-02T20:53:10.884253+00:00;OK
9141297;MSC ROCHELLE;Container Ship;;2026-07-02T20:53:21.775908+00:00;OK
9127071;DAHLIA;Bulk Carrier;;2026-07-02T20:53:30.984533+00:00;OK
9793911;SANTA CATARINA EXP;Container Ship;;2026-07-02T20:53:41.259649+00:00;OK
9961465;ASTRAIOS;Container Ship;;2026-07-02T20:53:52.004338+00:00;OK
9978951;MSC HORTENSE;Container Ship;;2026-07-02T20:54:02.864270+00:00;OK
9304459;MSC LISBON IX;Container Ship;;2026-07-02T20:54:12.978689+00:00;OK
9680712;GRANDE ABIDJAN;Ro-Ro Cargo Ship;;2026-07-02T20:54:25.497521+00:00;OK
9979278;MAERSK FORTALEZA;Container Ship;;2026-07-02T20:54:37.548081+00:00;OK
9347578;HYUNDAI DYNASTY;Container Ship;;2026-07-02T20:54:48.370277+00:00;OK
9253210;GRANDE BUENOS AIRES;Ro-Ro Cargo Ship;;2026-07-02T20:54:58.244608+00:00;OK
9625530;HMM PREMIUM;Container Ship;;2026-07-02T20:55:10.685304+00:00;OK
9961972;LOG-IN EXPERIENCE;Container Ship;;2026-07-02T20:55:20.749158+00:00;OK
9618276;RUBY TOWER;Container Ship;;2026-07-02T20:55:31.717427+00:00;OK
9625542;HMM PARAMOUNT;Container Ship;;2026-07-02T20:55:44.129123+00:00;OK
9398216;MSC ANTONIA;Container Ship;;2026-07-02T21:05:19.065021+00:00;OK
9400289;NAVARINO;Container Ship;;2026-07-02T21:05:29.185117+00:00;OK
9229300;MSC CATHERINE VI;Container Ship;;2026-07-02T21:05:39.590221+00:00;OK
9216731;MUARA;Container Ship;;2026-07-02T21:05:50.332755+00:00;OK
9515228;MAITACA ARROW;General Cargo Ship;;2026-07-02T21:06:01.808008+00:00;OK
9969869;CAPE SOREL;Container Ship;;2026-07-02T21:06:10.907239+00:00;OK
9519119;BRASILIA HIGHWAY;Vehicles Carrier;;2026-07-02T21:06:22.551142+00:00;OK
9425186;CHIPOL GUANGAN;General Cargo Ship;;2026-07-02T21:06:32.216431+00:00;OK
9672105;GRANDE COTONOU;Ro-Ro Cargo Ship;;2026-07-02T21:06:44.709688+00:00;OK
9702106;MSC BRUNELLA;Container Ship;;2026-07-02T21:06:54.167794+00:00;OK
9347592;HMM INTEGRAL;Container Ship;;2026-07-02T21:07:07.131714+00:00;OK
9347566;HYUNDAI FORCE;Container Ship;;2026-07-02T21:07:17.577065+00:00;OK
9369734;MSC BREMEN;Container Ship;;2026-07-02T21:07:26.872702+00:00;OK
9976719;ONE STRENGTH;Container Ship;;2026-07-02T21:07:40.206190+00:00;OK
9574860;FINCH ARROW;General Cargo Ship;;2026-07-02T21:07:51.327855+00:00;OK
9968865;KOTA EMBUN;Container Ship;;2026-07-02T21:08:02.567791+00:00;OK
9192959;RSC CARIBE;Ro-Ro Cargo Ship;;2026-07-02T21:08:14.829467+00:00;OK
9434539;TOKI ARROW;General Cargo Ship;;2026-07-02T21:08:27.306852+00:00;OK
9283203;MAERSK MONTE PASCOAL;Container Ship;;2026-07-02T21:08:37.442803+00:00;OK
9337652;DELPHINUS C;Container Ship;;2026-07-02T21:08:48.088679+00:00;OK
9872169;COSCO JIN XIU;General Cargo Ship;;2026-07-02T21:09:00.397880+00:00;OK
9294161;MAERSK JALAN;Container Ship;;2026-07-02T21:09:12.035374+00:00;OK
9286243;CONTI MAKALU;Container Ship;;2026-07-02T21:09:21.270532+00:00;OK
9966788;CMA CGM SAINTE ANNE;Container Ship;;2026-07-02T21:09:33.896020+00:00;OK
9607095;SISKIN ARROW;General Cargo Ship;;2026-07-02T21:09:46.724586+00:00;OK
9440148;NEPTUNE HELLAS;Vehicles Carrier;;2026-07-02T21:09:59.907324+00:00;OK
9964481;MAERSK EL PALOMAR;Container Ship;;2026-07-02T21:10:11.613615+00:00;OK
9283215;MAERSK MONTE ROSA;Container Ship;;2026-07-02T21:10:21.190307+00:00;OK
1013171;MSC ELIANA;Container Ship;;2026-07-02T21:10:31.275295+00:00;OK
9496343;STARLIGHT TRADER;Bulk Carrier;;2026-07-02T21:10:43.626124+00:00;OK
9724738;GRANDE LUANDA;Ro-Ro Cargo Ship;;2026-07-02T21:10:53.248665+00:00;OK
9990179;BOYM;General Cargo Ship;;2026-07-02T21:11:06.214309+00:00;OK
9694593;WIDE HOTEL;Container Ship;;2026-07-02T21:11:16.471666+00:00;OK
9079212;INTEGRADOR;Vehicles Carrier;;2026-07-02T21:11:29.148355+00:00;OK
9603221;FERNAO DE MAGALHAES;Container Ship;;2026-07-02T21:11:40.975517+00:00;OK
9785445;MSC CAROLE;Container Ship;;2026-07-02T21:11:51.293907+00:00;OK
9467445;MSC KATRINA;Container Ship;;2026-07-02T21:12:00.474497+00:00;OK
9840673;OCEAN LEGEND;Bulk Carrier;;2026-07-02T21:12:13.500429+00:00;OK
9198587;MSC CHIARA X;Container Ship;;2026-07-02T21:12:24.927963+00:00;OK
9633965;CAP SAN TAINARO;Container Ship;;2026-07-02T21:12:37.231397+00:00;OK
9450387;BREMEN;Container Ship;;2026-07-02T21:12:48.845513+00:00;OK
1027378;GREEN YOKOHAMA;General Cargo Ship;;2026-07-02T21:12:59.290074+00:00;OK
9566617;MACAW ARROW;General Cargo Ship;;2026-07-02T21:13:10.254168+00:00;OK
9778399;BRIGHT;Container Ship;;2026-07-02T21:13:20.300816+00:00;OK
9680724;GRANDE DAKAR;Ro-Ro Cargo Ship;;2026-07-02T21:13:30.251262+00:00;OK
9687564;CORCOVADO;Container Ship;;2026-07-02T21:13:40.544063+00:00;OK
9384320;UAL MANITOBA;General Cargo Ship;;2026-07-02T21:13:52.937673+00:00;OK
9957347;MSC THAIS;Container Ship;;2026-07-02T21:14:05.535658+00:00;OK
9402055;RMS FRATERNITY;General Cargo Ship;;2026-07-02T21:14:15.136142+00:00;OK
9367188;BREMEN BELLE;Container Ship;;2026-07-02T21:14:26.359480+00:00;OK
9410260;AS SAMANTA;Container Ship;;2026-07-02T21:14:36.552930+00:00;OK
9745653;MSC ROMANE;Container Ship;;2026-07-02T21:14:48.814689+00:00;OK
9526928;MAERSK LAVRAS;Container Ship;;2026-07-02T21:14:59.385679+00:00;OK
9704984;MSC NAOMI;Container Ship;;2026-07-02T21:15:08.984112+00:00;OK
9526904;MAERSK LUZ;Container Ship;;2026-07-02T21:15:18.720765+00:00;OK
9323508;HMM COLOMBO;Container Ship;;2026-07-02T21:15:28.321116+00:00;OK
9718947;ATACAMA;Container Ship;;2026-07-02T21:15:38.129730+00:00;OK
9945473;ZIM USA;Container Ship;;2026-07-02T21:15:50.501012+00:00;OK
9418377;CMA CGM VERACRUZ;Container Ship;;2026-07-02T21:15:59.722146+00:00;OK
9329461;MORNING CELLO;Vehicles Carrier;;2026-07-02T21:16:08.924577+00:00;OK
9351218;MSC STRAIT II;Container Ship;;2026-07-02T21:16:19.604965+00:00;OK
9864538;YM CENTENNIAL;Container Ship;;2026-07-02T21:16:30.455191+00:00;OK
9189861;PERLITA;Bulk Carrier;;2026-07-02T21:16:41.065423+00:00;OK
9338541;LONGVIEW LOGGER;Bulk Carrier;;2026-07-02T21:16:53.663136+00:00;OK
9529243;UAL AFRICA;General Cargo Ship;;2026-07-02T21:17:04.478535+00:00;OK
9976238;SEATRADE COLOMBIA;Container Ship;;2026-07-02T21:17:13.658118+00:00;OK
9197545;MSC ILLINOIS VII;Container Ship;;2026-07-02T21:17:26.025138+00:00;OK
9465095;MSC JAVELIN IX;Container Ship;;2026-07-02T21:17:37.119369+00:00;OK
9337614;NYK DAEDALUS;Container Ship;;2026-07-02T21:17:47.266074+00:00;OK
9388900;BBC DAKOTA;General Cargo Ship;;2026-07-02T21:17:59.234620+00:00;OK
9625396;VICENTE PINZON;Container Ship;;2026-07-02T21:18:11.388248+00:00;OK
9461362;CHOLA ETERNITY;Bulk Carrier;;2026-07-02T21:18:22.577470+00:00;OK
9333840;MOL EARNEST;Container Ship;;2026-07-02T21:18:33.956443+00:00;OK
9336050;MORNING CONDUCTOR;Vehicles Carrier;;2026-07-02T21:18:43.872252+00:00;OK
9574858;RAVEN ARROW;General Cargo Ship;;2026-07-02T21:18:53.361917+00:00;OK
9357298;GLORIOUS LEADER;Vehicles Carrier;;2026-07-02T21:19:05.236673+00:00;OK
9593854;STAR LAGUNA;General Cargo Ship;;2026-07-02T21:19:14.597884+00:00;OK
9494395;YIN ZHU HAI;Bulk Carrier;;2026-07-02T21:19:24.243901+00:00;OK
9990167;YU AN;General Cargo Ship;;2026-07-02T21:19:36.267684+00:00;OK
1053298;CSPC MERCURY;General Cargo Ship;;2026-07-02T21:19:47.020800+00:00;OK
9362827;INDUSTRIAL HOBART;General Cargo Ship;;2026-07-02T21:19:58.722075+00:00;OK
9798404;GLOVIS SKY;Vehicles Carrier;;2026-07-02T21:20:09.902541+00:00;OK
9534432;INDUSTRIAL MOMENTUM;General Cargo Ship;;2026-07-02T21:20:21.064506+00:00;OK
9950090;CAPE BYRON;Container Ship;;2026-07-02T21:20:31.539914+00:00;OK
9975595;MSC MARSEILLE;Container Ship;;2026-07-02T21:20:41.760455+00:00;OK
9333838;MOL EXPERIENCE;Container Ship;;2026-07-02T21:20:51.345232+00:00;OK
9977701;CMA CGM PETRA;Container Ship;;2026-07-02T21:21:02.540244+00:00;OK
9120853;MSC FIE X;Container Ship;;2026-07-02T21:21:11.596690+00:00;OK
9122473;VELON 1;Container Ship;;2026-07-02T21:21:21.221011+00:00;OK
9509607;THE WHALE ORCA;General Cargo Ship;;2026-07-02T21:21:30.574745+00:00;OK
9659737;TRINIDAD PEARL;General Cargo Ship;;2026-07-02T21:21:40.519729+00:00;OK
9340570;GRAND CHAMPION;Vehicles Carrier;;2026-07-02T21:21:50.946684+00:00;OK
9810343;INDUSTRIAL CONSTANT;General Cargo Ship;;2026-07-02T21:22:00.148324+00:00;OK
9687576;CISNES;Container Ship;;2026-07-02T21:22:12.273072+00:00;OK
9729099;CMA CGM LISA MARIE;Container Ship;;2026-07-02T21:22:22.393628+00:00;OK
9821859;GLOBAL GLORY;Chemical/Oil Products Tanker;;2026-07-02T21:22:34.871510+00:00;OK
9487524;NYK FUTAGO;Container Ship;;2026-07-02T21:22:46.423889+00:00;OK
9285639;MORNING COURIER;Vehicles Carrier;;2026-07-02T21:22:55.942677+00:00;OK
9311866;TAIPAN;Vehicles Carrier;;2026-07-02T21:23:05.643949+00:00;OK
9441556;HERITAGE LEADER;Vehicles Carrier;;2026-07-02T21:23:16.886496+00:00;OK
9441506;DIGNITY LEADER;Vehicles Carrier;;2026-07-02T21:23:29.377157+00:00;OK
9526930;MAERSK LEBU;Container Ship;;2026-07-02T21:23:41.680636+00:00;OK
9409338;PORGY;Vehicles Carrier;;2026-07-02T21:23:53.196497+00:00;OK
9864514;YM CONTINENT;Container Ship;;2026-07-02T21:24:05.352028+00:00;OK
9437933;GRANDE GABON;Ro-Ro Cargo Ship;;2026-07-02T21:24:14.573541+00:00;OK
9957488;GCL MOBILE;Bulk Carrier;;2026-07-02T21:24:24.367279+00:00;OK
9437309;MARTHA;General Cargo Ship;;2026-07-02T21:24:33.772905+00:00;OK
9629110;EVER LOVELY;Container Ship;;2026-07-02T21:24:44.807256+00:00;OK
9607083;PETREL ARROW;General Cargo Ship;;2026-07-02T21:24:55.756775+00:00;OK
9926192;CMA CGM ZINGARO;Container Ship;;2026-07-02T21:25:05.049343+00:00;OK
9300489;COVADONGA;Chemical/Oil Products Tanker;;2026-07-02T21:25:14.287453+00:00;OK
9880116;TAC ODESSA;Bulk Carrier;;2026-07-02T21:25:24.687318+00:00;OK
9637155;HMM PLATINUM;Container Ship;;2026-07-02T21:25:35.109147+00:00;OK
9526887;MAERSK LIRQUEN;Container Ship;;2026-07-02T21:25:46.201902+00:00;OK
9423516;BBC RAINBOW;General Cargo Ship;;2026-07-02T21:25:58.075478+00:00;OK
9969065;MAERSK FRANKFURT;Container Ship;;2026-07-02T21:26:09.082008+00:00;OK
9401104;MSC SOLA;Container Ship;;2026-07-02T21:26:19.450700+00:00;OK
9330719;HYUNDAI UNITY;Container Ship;;2026-07-02T21:26:29.610240+00:00;OK
9703538;CHIPOL CHANGJIANG;General Cargo Ship;;2026-07-02T21:26:41.894632+00:00;OK
9641235;COSTA RICA EXPRESS;Container Ship;;2026-07-02T21:26:53.731895+00:00;OK
9323522;HMM JAKARTA;Container Ship;;2026-07-02T21:27:04.054373+00:00;OK
9852365;LOG-IN POLARIS;Container Ship;;2026-07-02T21:27:15.023296+00:00;OK
9330707;HYUNDAI FORWARD;Container Ship;;2026-07-02T21:27:27.546873+00:00;OK
9259393;MSC SOTIRIA III;Container Ship;;2026-07-02T21:27:37.231457+00:00;OK
9260835;SCOT BREMEN;Chemical/Oil Products Tanker;;2026-07-02T21:27:50.441163+00:00;OK
9702273;MSC ANTONELLA;Container Ship;;2026-07-02T21:28:00.858752+00:00;OK
9686912;JAMAICA EXPRESS;Container Ship;;2026-07-02T21:28:10.141306+00:00;OK
9542348;UAL HOUSTON;General Cargo Ship;;2026-07-02T21:28:22.476658+00:00;OK
9607576;STRAIT PEARL;General Cargo Ship;;2026-07-02T21:28:34.102074+00:00;OK
9525950;ALS VESTA;Container Ship;;2026-07-02T21:28:46.538103+00:00;OK
9589097;SUZANNA D;Bulk Carrier;;2026-07-02T21:28:58.862921+00:00;OK
9561265;ELEGANT ACE;Vehicles Carrier;;2026-07-02T21:29:09.117714+00:00;OK
9559884;BBC NORFOLK;General Cargo Ship;;2026-07-02T21:29:22.114571+00:00;OK
9737125;DISCOVERY BAY;Bulk Carrier;;2026-07-02T21:29:31.770702+00:00;OK
9725134;HYUNDAI JUPITER;Container Ship;;2026-07-02T21:29:42.637311+00:00;OK
9571387;MARCELLIN A DESGAGNE;General Cargo Ship;;2026-07-02T21:29:55.094732+00:00;OK
9593402;PANTHER MAX;Bulk Carrier;;2026-07-02T21:30:04.764182+00:00;OK
9553725;MARO MARO;Bulk Carrier;;2026-07-02T21:30:15.468278+00:00;OK
9717228;MAERSK SAN VINCENT;Container Ship;;2026-07-02T21:30:28.423075+00:00;OK
9747651;FERASET;General Cargo Ship;;2026-07-02T21:30:37.434585+00:00;OK
9511636;UAL BRAZIL;General Cargo Ship;;2026-07-02T21:30:47.190939+00:00;OK
9611046;TALLAHASSEE;Container Ship;;2026-07-02T21:31:00.000811+00:00;OK
9544920;CARNATION ACE;Vehicles Carrier;;2026-07-02T21:31:12.270800+00:00;OK
9561875;APOGEE SPIRIT;Bulk Carrier;;2026-07-02T21:31:22.169423+00:00;OK
9717204;MAERSK SAN JUAN;Container Ship;;2026-07-02T21:31:31.923424+00:00;OK
9603790;STAR LOEN;General Cargo Ship;;2026-07-02T21:31:43.863204+00:00;OK
9531715;BESS;Vehicles Carrier;;2026-07-02T21:31:54.191397+00:00;OK
9561344;ECO BUSHFIRE;Bulk Carrier;;2026-07-02T21:32:06.105898+00:00;OK
9784661;MERCOSUL FORTALEZA;Container Ship;;2026-07-02T21:32:17.599844+00:00;OK
9727132;TAI SPLENDOR;Bulk Carrier;;2026-07-02T21:32:28.144775+00:00;OK
9734185;CHIPOL DONGHAI;General Cargo Ship;;2026-07-02T21:32:40.538857+00:00;OK
9574080;MORNING CRYSTAL;Vehicles Carrier;;2026-07-02T21:32:55.889766+00:00;OK
9715440;PENEY;Bulk Carrier;;2026-07-02T21:33:08.135528+00:00;OK
9535199;ESL NHAVA SHEVA;Container Ship;;2026-07-02T21:33:18.580732+00:00;OK
9534470;INDUSTRIAL MERCHANT;General Cargo Ship;;2026-07-02T21:33:27.885537+00:00;OK
9612765;NC BREDA;Container Ship;;2026-07-02T21:33:37.393819+00:00;OK
9266554;ANNETTE;General Cargo Ship;;2026-07-02T21:33:50.312014+00:00;OK
9970014;GREENVILLE;Container Ship;;2026-07-02T21:33:59.536780+00:00;OK
9285627;MORNING CHAMPION;Vehicles Carrier;;2026-07-02T21:34:10.804140+00:00;OK
9285641;MORNING CROWN;Vehicles Carrier;;2026-07-02T21:34:21.379098+00:00;OK
9285665;MSC YOKOHAMA;Container Ship;;2026-07-02T21:34:31.183585+00:00;OK
9288394;PL GERMANY;Container Ship;;2026-07-02T21:34:41.937252+00:00;OK
9968994;HG ANTWERP;Bulk Carrier;;2026-07-02T21:34:54.674840+00:00;OK
9293765;KOTA SANTOS;Container Ship;;2026-07-02T21:35:05.386925+00:00;OK
9295361;SANTA VANESSA;Container Ship;;2026-07-02T21:35:14.762872+00:00;OK
9299795;CMA CGM LA TRAVIATA;Container Ship;;2026-07-02T21:35:26.235889+00:00;OK
9303168;DREAM BEAUTY;Vehicles Carrier;;2026-07-02T21:35:38.104354+00:00;OK
9305647;HYUNDAI SHANGHAI;Container Ship;;2026-07-02T21:35:48.556757+00:00;OK
9305661;HYUNDAI HONGKONG;Container Ship;;2026-07-02T21:36:00.279954+00:00;OK
9663300;MORNING CHANT;Vehicles Carrier;;2026-07-02T21:36:11.214452+00:00;OK
9963401;BBC PHILIPPINES;General Cargo Ship;;2026-07-02T21:36:21.441836+00:00;OK
9962598;MSC LORENZA;Container Ship;;2026-07-02T21:36:30.965317+00:00;OK
9309459;MSC SILVANA VIII;Container Ship;;2026-07-02T21:36:41.068646+00:00;OK
9310628;SUMMIT SUCCESS;Bulk Carrier;;2026-07-02T21:36:51.412399+00:00;OK
9311854;TALIA;Vehicles Carrier;;2026-07-02T21:37:00.945011+00:00;OK
9313199;LI DA XING;Container Ship;;2026-07-02T21:37:10.647425+00:00;OK
9671436;EEMSLIFT NADINE;General Cargo Ship;;2026-07-02T21:37:21.764615+00:00;OK
9321029;PRESTIGE;Container Ship;;2026-07-02T21:37:32.402697+00:00;OK
9956185;GITA;Bulk Carrier;;2026-07-02T21:37:44.005591+00:00;OK
9323510;HMM BANGKOK;Container Ship;;2026-07-02T21:38:01.109557+00:00;OK
9385506;MOMI ARROW;General Cargo Ship;;2026-07-02T21:38:10.620251+00:00;OK
9951575;CMA CGM ADVENTURE;Container Ship;;2026-07-02T21:38:23.638957+00:00;OK
9951185;ADRASTOS;Container Ship;;2026-07-02T21:38:33.386957+00:00;OK
9663776;BABITONGA BAY;Bulk Carrier;;2026-07-02T21:38:45.845902+00:00;OK
9305673;HYUNDAI TOKYO;Container Ship;;2026-07-02T21:38:56.765759+00:00;OK
9998482;HMM JUNIPER;Container Ship;;2026-07-02T21:39:07.910342+00:00;OK
1027380;GREEN OSAKA;General Cargo Ship;;2026-07-02T21:39:18.274099+00:00;OK
9997919;GREEN RIZHAO;General Cargo Ship;;2026-07-02T21:39:28.383878+00:00;OK
9695224;BAHRI RIYADH;General Cargo Ship;;2026-07-02T21:39:37.456886+00:00;OK
1027366;GREEN NAGOYA;General Cargo Ship;;2026-07-02T21:39:48.912309+00:00;OK
9994802;HARMONY;Bulk Carrier;;2026-07-02T21:39:59.464017+00:00;OK
9983695;MSC DOUALA VIII;Container Ship;;2026-07-02T21:40:08.772940+00:00;OK
1053315;CSPC MARS;General Cargo Ship;;2026-07-02T21:40:20.938495+00:00;OK
9008706;ARACARI ARROW;General Cargo Ship;;2026-07-02T21:40:33.634176+00:00;OK
9088524;VIRA1;Container Ship;;2026-07-02T21:40:42.761758+00:00;OK
9122942;GLOVIS COMET;Vehicles Carrier;;2026-07-02T21:40:54.743366+00:00;OK
9976587;HMM OCEAN;Container Ship;;2026-07-02T21:41:05.058040+00:00;OK
9162215;MAERSK KARACHI;Container Ship;;2026-07-02T21:41:17.478817+00:00;OK
9169328;GRAND PACE;Vehicles Carrier;;2026-07-02T21:41:29.131147+00:00;OK
9976496;GREEN MUNGUBA;General Cargo Ship;;2026-07-02T21:41:41.467414+00:00;OK
9976458;GREEN RIO DE JANEIRO;General Cargo Ship;;2026-07-02T21:41:52.402341+00:00;OK
9208186;GHIBLI;Container Ship;;2026-07-02T21:42:04.245452+00:00;OK
9211494;W KYRENIA;Container Ship;;2026-07-02T21:42:13.475039+00:00;OK
9213959;CAPE CANAVERAL;General Cargo Ship;;2026-07-02T21:42:23.638108+00:00;OK
9976410;GREEN ITAQUI;General Cargo Ship;;2026-07-02T21:42:33.520692+00:00;OK
9224049;MSC SHIRLEY II;Container Ship;;2026-07-02T21:42:45.413279+00:00;OK
9227285;MSC YANG R;Container Ship;;2026-07-02T21:42:57.158077+00:00;OK
9232814;SPRUCE ARROW;General Cargo Ship;;2026-07-02T21:43:08.533927+00:00;OK
9701372;ALEXIA;Bulk Carrier;;2026-07-02T21:43:19.651333+00:00;OK
9248148;MSC PILAR VI;Container Ship;;2026-07-02T21:43:32.077754+00:00;OK
9252216;HEROIC ACE;Vehicles Carrier;;2026-07-02T21:43:41.697871+00:00;OK
9252228;SPLENDID ACE;Vehicles Carrier;;2026-07-02T21:43:51.174769+00:00;OK
9256482;GSL NINGBO;Container Ship;;2026-07-02T21:44:03.478283+00:00;OK
9974474;MSC COTE DIVOIRE;Container Ship;;2026-07-02T21:44:14.176061+00:00;OK
9179725;MANON;Vehicles Carrier;;2026-07-02T21:44:23.986208+00:00;OK
9427031;MV ARMATHIA;Bulk Carrier;;2026-07-02T21:44:36.641245+00:00;OK
9428425;FAGELGRACHT;General Cargo Ship;;2026-07-02T21:44:49.764684+00:00;OK
9327669;LOG-IN RESILIENTE;Container Ship;;2026-07-02T21:44:59.183642+00:00;OK
9872183;COSCO XING WANG;General Cargo Ship;;2026-07-02T21:45:11.748660+00:00;OK
9438585;ONEGO NEVA;General Cargo Ship;;2026-07-02T21:45:21.846978+00:00;OK
9440150;MSC SALINA III;Container Ship;;2026-07-02T21:45:33.275607+00:00;OK
9627904;TRAIGUEN;Container Ship;;2026-07-02T21:45:43.867479+00:00;OK
9860506;PRAIRIE;Bulk Carrier;;2026-07-02T21:45:54.619064+00:00;OK
9443920;TUJU ARROW;General Cargo Ship;;2026-07-02T21:46:04.357936+00:00;OK
9445394;G POSEIDON;Vehicles Carrier;;2026-07-02T21:46:13.554670+00:00;OK
9419254;ELM ARROW;General Cargo Ship;;2026-07-02T21:46:23.172370+00:00;OK
9464699;REN JIAN 20;Container Ship;;2026-07-02T21:46:34.649863+00:00;OK
9711298;EQUINOX EAGLE;Bulk Carrier;;2026-07-02T21:46:46.864527+00:00;OK
9810329;INDUSTRIAL COURAGE;General Cargo Ship;;2026-07-02T21:46:59.495188+00:00;OK
9484223;BBC NAPLES;General Cargo Ship;;2026-07-02T21:47:08.648264+00:00;OK
9484431;MSC RAVENNA;Container Ship;;2026-07-02T21:47:21.151410+00:00;OK
9486116;SEASPAN OSAKA;Container Ship;;2026-07-02T21:47:32.515846+00:00;OK
9488217;LI YUAN HANG;Bulk Carrier;;2026-07-02T21:47:42.368693+00:00;OK
9490624;GENCO AQUITAINE;Bulk Carrier;;2026-07-02T21:47:51.462162+00:00;OK
9494242;LIBRA;Bulk Carrier;;2026-07-02T21:48:04.133675+00:00;OK
9494905;BOMAR SINGAPORE;Vehicles Carrier;;2026-07-02T21:48:15.432845+00:00;OK
9496214;GRANDE ISLAND;Bulk Carrier;;2026-07-02T21:48:27.966536+00:00;OK
9497218;MAGSENGER 2;Bulk Carrier;;2026-07-02T21:48:38.413749+00:00;OK
9497488;LOYALTY;Bulk Carrier;;2026-07-02T21:48:50.462162+00:00;OK
9625528;HMM PRESTIGE;Container Ship;;2026-07-02T21:49:01.614681+00:00;OK
9366225;ARTEMIS;Container Ship;;2026-07-02T21:49:11.238362+00:00;OK
9373333;MPP CLEO;General Cargo Ship;;2026-07-02T21:49:24.221825+00:00;OK
9378395;THE GUARDIAN;Bulk Carrier;;2026-07-02T21:49:35.972738+00:00;OK
9382097;SAN MARTIN;Vehicles Carrier;;2026-07-02T21:49:45.280834+00:00;OK
9875642;AEPOS;Bulk Carrier;;2026-07-02T21:49:56.137080+00:00;OK
9937256;ALBATROSS;Bulk Carrier;;2026-07-02T21:50:08.537329+00:00;OK
9383431;MORNING LUCY;Vehicles Carrier;;2026-07-02T21:50:19.695722+00:00;OK
9647863;PIO GRANDE;Bulk Carrier;;2026-07-02T21:50:32.538504+00:00;OK
9929302;MSXT EMILY;Bulk Carrier;;2026-07-02T21:50:45.335010+00:00;OK
9641352;OCEANLOVE;Bulk Carrier;;2026-07-02T21:50:56.778054+00:00;OK
9401518;XINDE FORTUNE;Bulk Carrier;;2026-07-02T21:55:26.456535+00:00;OK
9347607;HMM GOODWILL;Container Ship;;2026-07-02T21:55:38.528393+00:00;OK
9347619;HYUNDAI SUPREME;Container Ship;;2026-07-02T21:55:47.729930+00:00;OK
9416991;NYK RUMINA;Container Ship;;2026-07-02T21:55:56.972724+00:00;OK
9416707;UBC TAMPA;General Cargo Ship;;2026-07-02T21:56:09.442781+00:00;OK
9939084;FORTE DOS REIS MAGOS;Bulk Carrier;;2026-07-02T21:56:21.505504+00:00;OK
9409326;PLEIADES SPIRIT;Vehicles Carrier;;2026-07-02T21:56:31.736899+00:00;OK
9348493;ARISTA;Container Ship;;2026-07-02T21:56:41.995254+00:00;OK
9638460;MORNING CALYPSO;Vehicles Carrier;;2026-07-02T21:56:53.113897+00:00;OK
9641223;PANAMA EXPRESS;Container Ship;;2026-07-02T21:57:02.928670+00:00;OK
9926568;GINGA SUNBIRD;Chemical/Oil Products Tanker;;2026-07-02T21:57:12.136436+00:00;OK
9698800;NICOS TOMASOS;Bulk Carrier;;2026-07-02T21:57:24.015826+00:00;OK
9717515;UBC BARI;Bulk Carrier;;2026-07-02T21:57:36.557189+00:00;OK
9703540;CHIPOL HUANGHE;General Cargo Ship;;2026-07-02T21:57:46.706358+00:00;OK
9700653;STAR ROBERTA;Bulk Carrier;;2026-07-02T21:57:56.177804+00:00;OK
9721310;BEAUTY PEPPA;Bulk Carrier;;2026-07-02T21:58:08.682428+00:00;OK
9717216;MAERSK SAN LAZARO;Container Ship;;2026-07-02T21:58:20.337205+00:00;OK
9714733;GLYFADA;Bulk Carrier;;2026-07-02T21:58:31.722881+00:00;OK
9714343;PENELOPE L;Bulk Carrier;;2026-07-02T21:58:43.708823+00:00;OK
9719537;STAR CAPOEIRA;Bulk Carrier;;2026-07-02T21:58:56.243102+00:00;OK
9700677;IDEE FIXE;Bulk Carrier;;2026-07-02T21:59:07.483793+00:00;OK
9712888;PACIFIC CONSTANT;Bulk Carrier;;2026-07-02T21:59:16.739073+00:00;OK
9721322;UNION LOTUS;Bulk Carrier;;2026-07-02T21:59:28.065209+00:00;OK
9707003;GLOVIS CRYSTAL;Vehicles Carrier;;2026-07-02T21:59:38.432891+00:00;OK
9707584;PEACEFUL SEAS;Bulk Carrier;;2026-07-02T21:59:48.275924+00:00;OK
9715452;PRESINGE;Bulk Carrier;;2026-07-02T22:00:00.185209+00:00;OK
9707845;ARDMORE CHEROKEE;Chemical/Oil Products Tanker;;2026-07-02T22:00:10.587511+00:00;OK
9709348;DAIWAN INFINITY;Bulk Carrier;;2026-07-02T22:00:19.857764+00:00;OK
9720055;BETULA ARROW;General Cargo Ship;;2026-07-02T22:00:31.969254+00:00;OK
9950442;MH SANDEFJORD;Bulk Carrier;;2026-07-02T22:00:44.311293+00:00;OK
9949699;BUNUN VICTORY;Bulk Carrier;;2026-07-02T22:00:56.907847+00:00;OK
9949364;NINA PETRAKIS;Bulk Carrier;;2026-07-02T22:01:08.610601+00:00;OK
9942639;SIAN;Bulk Carrier;;2026-07-02T22:01:18.528393+00:00;OK
9939072;FORTE SAO MARCELO;Bulk Carrier;;2026-07-02T22:01:29.905093+00:00;OK
9936795;SUNRISE TRADER;Bulk Carrier;;2026-07-02T22:01:40.333324+00:00;OK
9936525;ZIM BANGKOK;Container Ship;;2026-07-02T22:01:51.299959+00:00;OK
9934814;NY SUNRISE;Bulk Carrier;;2026-07-02T22:02:03.061556+00:00;OK
9933224;NORD ANTARES;Bulk Carrier;;2026-07-02T22:02:12.354982+00:00;OK
9932804;PORT OSHIMA;Bulk Carrier;;2026-07-02T22:02:23.300944+00:00;OK
9932098;CIARA MARU;Bulk Carrier;;2026-07-02T22:02:33.307392+00:00;OK
9928920;COSCOSHIPPING PENGBO;General Cargo Ship;;2026-07-02T22:02:44.859257+00:00;OK
9928906;COSCOSHIPPINGFANRONG;General Cargo Ship;;2026-07-02T22:02:55.527031+00:00;OK
9928891;COSCO FOUNTAIN;General Cargo Ship;;2026-07-02T22:03:05.475585+00:00;OK
9700392;BERTHE A. DESGAGNES;General Cargo Ship;;2026-07-02T22:03:15.505000+00:00;OK
9928877;COSCOSHIPPINGSINCERE;General Cargo Ship;;2026-07-02T22:03:27.754469+00:00;OK
9919644;ROYAL;Bulk Carrier;;2026-07-02T22:03:37.059875+00:00;OK
9917050;BORDO MAVI;Bulk Carrier;;2026-07-02T22:03:46.136235+00:00;OK
9914503;EQUINOX MELIDA;Bulk Carrier;;2026-07-02T22:03:58.179121+00:00;OK
9903205;TANG HONG;Vehicles Carrier;;2026-07-02T22:04:09.991333+00:00;OK
9890642;CL DENGSHA HE;Bulk Carrier;;2026-07-02T22:04:22.119211+00:00;OK
9885295;BBC HOUSTON;General Cargo Ship;;2026-07-02T22:04:35.104976+00:00;OK
9881653;COSCO SHIPPING HONOR;General Cargo Ship;;2026-07-02T22:04:46.499089+00:00;OK
9880245;GCL ICON;Bulk Carrier;;2026-07-02T22:04:59.555788+00:00;OK
9872195;COSCO PENG CHENG;General Cargo Ship;;2026-07-02T22:05:10.053139+00:00;OK
9872171;COSCO CHANG QING;General Cargo Ship;;2026-07-02T22:05:21.293871+00:00;OK
9866782;BOW PERSISTENT;Chemical/Oil Products Tanker;;2026-07-02T22:05:33.738371+00:00;OK
9866524;ULTRA QUALITY;Bulk Carrier;;2026-07-02T22:05:46.517531+00:00;OK
9866184;LADY ANNE;Bulk Carrier;;2026-07-02T22:05:58.478309+00:00;OK
9863871;EVA PARIS;Bulk Carrier;;2026-07-02T22:06:11.082329+00:00;OK
9928889;COSCOSHIPPING WISDOM;General Cargo Ship;;2026-07-02T22:06:20.941001+00:00;OK
9997921;GREEN QINGDAO;General Cargo Ship;;2026-07-02T22:06:31.830115+00:00;OK
9996018;GREEN SANTOS;General Cargo Ship;;2026-07-02T22:06:41.439155+00:00;OK
9995351;TOP MARINE;Bulk Carrier;;2026-07-02T22:06:51.771534+00:00;OK
9990832;GREAT PROSPERITY;Bulk Carrier;;2026-07-02T22:07:02.999866+00:00;OK
9982196;BASIC SKY;Bulk Carrier;;2026-07-02T22:07:13.394936+00:00;OK
9979046;MOUNT HOOD;Bulk Carrier;;2026-07-02T22:07:26.106753+00:00;OK
9080297;HALIX;Vehicles Carrier;;2026-07-02T22:07:35.800537+00:00;OK
9976628;SPIKE;Bulk Carrier;;2026-07-02T22:07:48.126715+00:00;OK
9976501;GREEN SUAPE;General Cargo Ship;;2026-07-02T22:08:00.886438+00:00;OK
9976472;GREEN VITORIA;General Cargo Ship;;2026-07-02T22:08:12.273025+00:00;OK
9976434;GREEN PARANAGUA;General Cargo Ship;;2026-07-02T22:08:25.704428+00:00;OK
9976422;GREEN RIO GRANDE;General Cargo Ship;;2026-07-02T22:08:37.986405+00:00;OK
9976202;SEATRADE CHILE;Container Ship;;2026-07-02T22:08:47.050002+00:00;OK
9976056;GREEN KOTKA;General Cargo Ship;;2026-07-02T22:08:58.701380+00:00;OK
9950894;NAUTICAL DREAM;Bulk Carrier;;2026-07-02T22:09:11.116235+00:00;OK
9972452;EVA GLOBAL;Bulk Carrier;;2026-07-02T22:09:23.454477+00:00;OK
9970234;EPIC RADIANCE;Bulk Carrier;;2026-07-02T22:09:35.302262+00:00;OK
9969182;SSI PHOENIX;Bulk Carrier;;2026-07-02T22:09:46.260222+00:00;OK
9969156;AFRICAN PREDATOR;Bulk Carrier;;2026-07-02T22:09:58.684943+00:00;OK
9967110;PACIFIC TULIP;Bulk Carrier;;2026-07-02T22:10:08.778565+00:00;OK
9966764;CMA CGM FORT JAMES;Container Ship;;2026-07-02T22:10:19.786332+00:00;OK
9966582;FOXTON;Bulk Carrier;;2026-07-02T22:10:28.803717+00:00;OK
9964883;CL KIWAMI;Bulk Carrier;;2026-07-02T22:10:40.017029+00:00;OK
9963413;BBC ODESA;General Cargo Ship;;2026-07-02T22:10:50.166937+00:00;OK
9956850;STAMINA DIVA;Bulk Carrier;;2026-07-02T22:11:00.975296+00:00;OK
9956410;BOCHEM CASABLANCA;Chemical/Oil Products Tanker;;2026-07-02T22:11:11.591196+00:00;OK
9956202;EMMY;Bulk Carrier;;2026-07-02T22:11:22.764830+00:00;OK
9955428;BOCHEM HOUSTON;Chemical/Oil Products Tanker;;2026-07-02T22:11:33.294383+00:00;OK
9953315;CL XIANGTAN;Bulk Carrier;;2026-07-02T22:11:44.850677+00:00;OK
9950909;AQUAGEM;Bulk Carrier;;2026-07-02T22:11:54.753533+00:00;OK
9972646;EVA LINDEN;Bulk Carrier;;2026-07-02T22:12:04.548233+00:00;OK
9775385;LAUSANNE;Bulk Carrier;;2026-07-02T22:12:16.911704+00:00;OK
9775139;BULK BOLIVIA;Bulk Carrier;;2026-07-02T22:12:27.879018+00:00;OK
9767716;JAMNO;General Cargo Ship;;2026-07-02T22:12:37.197555+00:00;OK
9766918;GREAT QIN;General Cargo Ship;;2026-07-02T22:12:46.294938+00:00;OK
9762493;MAVERICK;Bulk Carrier;;2026-07-02T22:13:00.982016+00:00;OK
9761334;ATHOS;Bulk Carrier;;2026-07-02T22:13:12.826461+00:00;OK
9760110;CHEVAL;Bulk Carrier;;2026-07-02T22:13:25.237288+00:00;OK
9755737;AFRICAN GROUSE;General Cargo Ship;;2026-07-02T22:13:36.965983+00:00;OK
9755684;NEWYORK HARMONY;Bulk Carrier;;2026-07-02T22:13:49.601606+00:00;OK
9752022;SC DRACO;Chemical/Oil Products Tanker;;2026-07-02T22:14:00.743823+00:00;OK
9748253;OBAHAN C;Bulk Carrier;;2026-07-02T22:14:11.171684+00:00;OK
9747302;CL LIANYUNGANG;Bulk Carrier;;2026-07-02T22:14:20.809533+00:00;OK
9746970;HANZE GENUA;Bulk Carrier;;2026-07-02T22:14:32.927778+00:00;OK
9746700;MEGEVE;Bulk Carrier;;2026-07-02T22:14:43.178254+00:00;OK
9863819;BSM FANGCHENG;Bulk Carrier;;2026-07-02T22:14:54.009343+00:00;OK
9741578;XIN HAITONG 9;Bulk Carrier;;2026-07-02T22:15:03.595222+00:00;OK
9741152;INDUSTRIAL SWIFT;General Cargo Ship;;2026-07-02T22:15:16.482513+00:00;OK
9739563;EKATERINI;Bulk Carrier;;2026-07-02T22:15:28.042262+00:00;OK
9736963;ES INTEGRITY;Bulk Carrier;;2026-07-02T22:15:38.442843+00:00;OK
9736066;LOSONE TOPIC;Bulk Carrier;;2026-07-02T22:15:47.890067+00:00;OK
9735816;QIAN DAO HU;Bulk Carrier;;2026-07-02T22:16:01.888385+00:00;OK
9735799;TIAN MU SHAN;Bulk Carrier;;2026-07-02T22:16:11.633191+00:00;OK
9735206;MSC PALAK;Container Ship;;2026-07-02T22:16:21.517034+00:00;OK
9733363;ALDEN;Chemical/Oil Products Tanker;;2026-07-02T22:16:32.348706+00:00;OK
9731236;POLAND PEARL;General Cargo Ship;;2026-07-02T22:16:44.609962+00:00;OK
9727297;AFRICAN ARROW;Bulk Carrier;;2026-07-02T22:16:53.829754+00:00;OK
9725859;BOCHEM WALVIS BAY;Chemical/Oil Products Tanker;;2026-07-02T22:17:03.830525+00:00;OK
9725419;AEGEAN SPIRIT;Bulk Carrier;;2026-07-02T22:17:14.669839+00:00;OK
9725017;ASIAN PROMINENCE;Bulk Carrier;;2026-07-02T22:17:25.030642+00:00;OK
9722467;ICY BAY;Bulk Carrier;;2026-07-02T22:17:34.177290+00:00;OK
9746188;SC MERCURY;Chemical/Oil Products Tanker;;2026-07-02T22:17:45.133197+00:00;OK
9861990;BANGUS;Bulk/Oil Carrier;;2026-07-02T22:17:57.965298+00:00;OK
9860611;IONIAN SEA;Bulk Carrier;;2026-07-02T22:18:08.064618+00:00;OK
9860582;FEDERAL INDUS;Bulk Carrier;;2026-07-02T22:18:18.068524+00:00;OK
9860283;KANSU;Bulk Carrier;;2026-07-02T22:18:32.274428+00:00;OK
9858539;SARAH H;Bulk Carrier;;2026-07-02T22:18:41.749755+00:00;OK
9853888;CSSC CAPE TOWN;Bulk Carrier;;2026-07-02T22:18:53.390850+00:00;OK
9852925;NAVIOS LIBRA;Bulk Carrier;;2026-07-02T22:19:03.274463+00:00;OK
9846495;ZYHY JIN QU;General Cargo Ship;;2026-07-02T22:19:12.534028+00:00;OK
9846067;TAHO AUSTRALIA;Bulk Carrier;;2026-07-02T22:19:23.221344+00:00;OK
9843742;EURIPIDES GRAECIA;Bulk Carrier;;2026-07-02T22:19:33.605024+00:00;OK
9841653;OKOLCHITSA;Bulk Carrier;;2026-07-02T22:19:44.056697+00:00;OK
9839105;QUETTA;Chemical/Oil Products Tanker;;2026-07-02T22:19:54.906094+00:00;OK
9837640;ZYHY KAI TUO;General Cargo Ship;;2026-07-02T22:20:04.960453+00:00;OK
9831787;TOMINI TENACITY;Bulk Carrier;;2026-07-02T22:20:16.786644+00:00;OK
9830135;SEA EAGLE;Bulk Carrier;;2026-07-02T22:20:29.355894+00:00;OK
9775854;ES WARRIOR;Bulk Carrier;;2026-07-02T22:37:02.998692+00:00;OK
9820958;KM JAKARTA;Bulk Carrier;;2026-07-02T22:37:13.697293+00:00;OK
9813101;BARRACUDA;Bulk/Oil Carrier;;2026-07-02T22:37:25.771657+00:00;OK
9812016;BBC KHERSON;General Cargo Ship;;2026-07-02T22:37:37.855183+00:00;OK
9806768;ANNA SCHULTE;Bulk Carrier;;2026-07-02T22:37:49.000280+00:00;OK
9805659;GENOA;Bulk Carrier;;2026-07-02T22:37:59.059507+00:00;OK
9805257;FEDERAL NAGARA;Bulk Carrier;;2026-07-02T22:38:08.899454+00:00;OK
9803417;WECO KAROLINE;General Cargo Ship;;2026-07-02T22:38:21.443245+00:00;OK
9801093;SC VIRGO;Chemical/Oil Products Tanker;;2026-07-02T22:38:34.394815+00:00;OK
9799771;LOWLANDS FUTURE;Bulk Carrier;;2026-07-02T22:38:46.676695+00:00;OK
9798832;GEMINI OCEAN;Bulk Carrier;;2026-07-02T22:38:59.094080+00:00;OK
9796822;NORDIC CALLAO;Chemical/Oil Products Tanker;;2026-07-02T22:39:08.325567+00:00;OK
9786073;YASA TULIP;Bulk Carrier;;2026-07-02T22:39:18.083417+00:00;OK
9786047;AFRICAN WOODSTAR;Bulk Carrier;;2026-07-02T22:39:30.781329+00:00;OK
9785134;CALYPSO.GR;Bulk Carrier;;2026-07-02T22:39:41.889710+00:00;OK
9782156;PUPLINGE;Bulk Carrier;;2026-07-02T22:39:52.679712+00:00;OK
9820996;ULTRA OSORNO;Bulk Carrier;;2026-07-02T22:40:05.385885+00:00;OK
9383429;MORNING LYNN;Vehicles Carrier;;2026-07-02T22:40:14.581754+00:00;OK
9385477;CORELLA ARROW;General Cargo Ship;;2026-07-02T22:40:24.428212+00:00;OK
9386392;FREE STATE;Bulk Carrier;;2026-07-02T22:40:37.533018+00:00;OK
9386407;SEA BRAVERY;Bulk Carrier;;2026-07-02T22:40:49.104551+00:00;OK
9388716;GUARDIAN LEADER;Vehicles Carrier;;2026-07-02T22:41:00.441963+00:00;OK
9389215;OCEAN WISDOM;Bulk Carrier;;2026-07-02T22:41:09.555795+00:00;OK
9393151;BRANT;Bulk Carrier;;2026-07-02T22:41:19.961978+00:00;OK
9395044;EA TITICACA;Container Ship;;2026-07-02T22:41:31.162022+00:00;OK
9997933;GREEN BRAZIL;General Cargo Ship;;2026-07-02T22:41:40.951046+00:00;OK
9396153;STAR KVARVEN;General Cargo Ship;;2026-07-02T22:41:51.127370+00:00;OK
9401946;BALKAN DERIN FEYZA;General Cargo Ship;;2026-07-02T22:42:01.918236+00:00;OK
9402043;MATILDA;General Cargo Ship;;2026-07-02T22:42:14.127662+00:00;OK
9402093;SEDNA DESGAGNES;General Cargo Ship;;2026-07-02T22:42:24.780281+00:00;OK
9407603;BBC ECHO;General Cargo Ship;;2026-07-02T22:42:38.171759+00:00;OK
9407873;XIN AN YUAN;Bulk Carrier;;2026-07-02T22:42:49.224006+00:00;OK
9414187;ROIBEIRA;General Cargo Ship;;2026-07-02T22:42:59.564047+00:00;OK
9414474;BAM TRITON;Bulk Carrier;;2026-07-02T22:43:10.119632+00:00;OK
9416721;UBC TILBURY;General Cargo Ship;;2026-07-02T22:43:21.873894+00:00;OK
9396141;STAR KINN;General Cargo Ship;;2026-07-02T22:43:33.870196+00:00;OK
9347841;INDUSTRIAL DAWN;General Cargo Ship;;2026-07-02T22:43:45.943764+00:00;OK
9357200;BBC MAINE;General Cargo Ship;;2026-07-02T22:43:56.722256+00:00;OK
9357212;ARALIA;General Cargo Ship;;2026-07-02T22:44:06.656357+00:00;OK
9357224;BBC GEORGIA;General Cargo Ship;;2026-07-02T22:44:18.414780+00:00;OK
9357303;GRACEFUL LEADER;Vehicles Carrier;;2026-07-02T22:44:30.374317+00:00;OK
9357327;GARNET LEADER;Vehicles Carrier;;2026-07-02T22:44:42.205870+00:00;OK
9360192;INDUSTRIAL DOLPHIN;General Cargo Ship;;2026-07-02T22:44:53.191590+00:00;OK
9371816;PROMISE;General Cargo Ship;;2026-07-02T22:45:04.851751+00:00;OK
9361782;MOUNT TARANAKI;Bulk Carrier;;2026-07-02T22:45:17.081529+00:00;OK
9362633;BBC SCANDINAVIA;General Cargo Ship;;2026-07-02T22:45:26.755720+00:00;OK
9363948;LAVENDER ACE;Vehicles Carrier;;2026-07-02T22:45:37.762135+00:00;OK
9364801;CAPTAIN D LEMPESIS;Bulk Carrier;;2026-07-02T22:45:47.758483+00:00;OK
9365661;ESL AUSTRALIA;General Cargo Ship;;2026-07-02T22:45:59.285606+00:00;OK
9366108;MARY GORGIAS;Bulk Carrier;;2026-07-02T22:46:11.153989+00:00;OK
9368845;FORTUNE GRACE I;Bulk Carrier;;2026-07-02T22:46:23.379161+00:00;OK
9369095;BBC CHALLENGER;General Cargo Ship;;2026-07-02T22:46:36.371987+00:00;OK
9370408;K BEREKET;General Cargo Ship;;2026-07-02T22:46:45.923507+00:00;OK
9360958;XENA;Chemical/Oil Products Tanker;;2026-07-02T22:46:57.604517+00:00;OK
9441568;HARMONY LEADER;Vehicles Carrier;;2026-07-02T22:47:08.675195+00:00;OK
9441611;RCC COMPASS;Vehicles Carrier;;2026-07-02T22:47:18.523074+00:00;OK
9441867;DONG-A GLAUCOS;Vehicles Carrier;;2026-07-02T22:47:29.294647+00:00;OK
9442926;GENEVE;Bulk Carrier;;2026-07-02T22:47:39.676335+00:00;OK
9445409;GLOVIS SOLOMON;Vehicles Carrier;;2026-07-02T22:47:49.207996+00:00;OK
9446001;MORNING LENA;Vehicles Carrier;;2026-07-02T22:48:01.242476+00:00;OK
9446013;MORNING LILY;Vehicles Carrier;;2026-07-02T22:48:10.876922+00:00;OK
9448255;AVOCET ARROW;General Cargo Ship;;2026-07-02T22:48:22.819129+00:00;OK
9449883;LADY SERRA;Bulk Carrier;;2026-07-02T22:48:32.225064+00:00;OK
9418468;TYANA;Bulk Carrier;;2026-07-02T22:48:44.919102+00:00;OK
9451006;VIKING MEDITERRANEAN;Vehicles Carrier;;2026-07-02T22:48:55.813973+00:00;OK
9452139;STAR TOSCANA;General Cargo Ship;;2026-07-02T22:49:08.302801+00:00;OK
9453793;BBC ALASKA;General Cargo Ship;;2026-07-02T22:49:17.944336+00:00;OK
9454711;COSCO SHENGSHI;Vehicles Carrier;;2026-07-02T22:49:28.447968+00:00;OK
9458987;GOLDEN FRIS;Bulk Carrier;;2026-07-02T22:49:40.960818+00:00;OK
9459400;HANSA ASIA;Container Ship;;2026-07-02T22:49:52.868290+00:00;OK
9460887;MORNING CLARA;Vehicles Carrier;;2026-07-02T22:50:02.790761+00:00;OK
9461154;TREASURE STAR;Bulk Carrier;;2026-07-02T22:50:14.066520+00:00;OK
9461453;LOCARNO;Bulk Carrier;;2026-07-02T22:50:25.250394+00:00;OK
9450703;DENIZ-M;Bulk Carrier;;2026-07-02T22:50:37.056790+00:00;OK
9419230;LARCH ARROW;General Cargo Ship;;2026-07-02T22:50:49.374082+00:00;OK
9419242;BIRCH ARROW;General Cargo Ship;;2026-07-02T22:51:00.700429+00:00;OK
9423786;KURPIE;Bulk Carrier;;2026-07-02T22:51:12.521942+00:00;OK
9425148;IOLCOS VISION;Bulk Carrier;;2026-07-02T22:51:24.173689+00:00;OK
9425667;CHOLA UNITY;Bulk Carrier;;2026-07-02T22:51:35.349001+00:00;OK
9425887;CAPTAIN LEONARD;Bulk Carrier;;2026-07-02T22:51:48.013204+00:00;OK
9426154;URUGUAY;Bulk Carrier;;2026-07-02T22:51:59.845922+00:00;OK
9426300;GINGA CARACAL;Chemical/Oil Products Tanker;;2026-07-02T22:52:11.411823+00:00;OK
9430131;JOHANNA C;General Cargo Ship;;2026-07-02T22:52:23.455990+00:00;OK
9441427;BAO NICE;Bulk Carrier;;2026-07-02T22:52:32.683141+00:00;OK
9432139;PARANDOWSKI;General Cargo Ship;;2026-07-02T22:52:45.118559+00:00;OK
9433327;BBC AUSTRIA;General Cargo Ship;;2026-07-02T22:52:57.320943+00:00;OK
9433614;BASEL;Bulk Carrier;;2026-07-02T22:53:07.602273+00:00;OK
9433652;PAREA;Bulk Carrier;;2026-07-02T22:53:17.801630+00:00;OK
9435117;INDUSTRIAL URSULA;General Cargo Ship;;2026-07-02T22:53:27.804288+00:00;OK
9435129;INDUSTRIAL KATHARINA;General Cargo Ship;;2026-07-02T22:53:37.617567+00:00;OK
9438066;MARINA;Passenger (Cruise) Ship;;2026-07-02T22:53:48.148443+00:00;OK
9438638;GOLDEN FRAICHE;Bulk Carrier;;2026-07-02T22:54:02.388651+00:00;OK
9440928;THOR CALIBER;Bulk Carrier;;2026-07-02T22:54:13.388865+00:00;OK
9430399;SANTA BARBARA;Container Ship;;2026-07-02T22:54:26.132944+00:00;OK
9169316;GRAND CHOICE;Vehicles Carrier;;2026-07-02T22:54:38.508122+00:00;OK
9182966;STAR ISMENE;General Cargo Ship;;2026-07-02T22:54:47.828800+00:00;OK
9184859;TREASURE;Vehicles Carrier;;2026-07-02T22:54:58.475662+00:00;OK
9186780;TEAL ARROW;General Cargo Ship;;2026-07-02T22:55:09.236052+00:00;OK
9197911;SPIEGELGRACHT;General Cargo Ship;;2026-07-02T22:55:21.415657+00:00;OK
9213935;INDUSTRIALCHALLENGER;General Cargo Ship;;2026-07-02T22:55:34.154875+00:00;OK
9217656;LOTUS RISING;Bulk Carrier;;2026-07-02T22:55:45.767203+00:00;OK
9228306;GRAND MARK;Vehicles Carrier;;2026-07-02T22:55:55.640986+00:00;OK
9347839;INDUSTRIAL DESTINY;General Cargo Ship;;2026-07-02T22:56:06.623961+00:00;OK
9244829;AROSA;Bulk Carrier;;2026-07-02T22:56:17.204912+00:00;OK
9252204;MORNING CREST;Vehicles Carrier;;2026-07-02T22:56:26.991685+00:00;OK
9254642;STAR JUVENTAS;General Cargo Ship;;2026-07-02T22:56:36.430948+00:00;OK
9254654;STAR JAPAN;General Cargo Ship;;2026-07-02T22:56:46.738085+00:00;OK
9258557;ADASTRA;Bulk Carrier;;2026-07-02T22:56:59.259318+00:00;OK
9261047;SEAGULL HARMONY;Bulk Carrier;;2026-07-02T22:57:12.106551+00:00;OK
9266906;PAPUA;Bulk Carrier;;2026-07-02T22:57:23.345718+00:00;OK
9238741;MSC MARGARITA;Container Ship;;2026-07-02T22:57:36.091822+00:00;OK
1014618;BIRD OF PARADISE;Bulk Carrier;;2026-07-02T22:57:48.390451+00:00;OK
1015961;HMM IVY;Container Ship;;2026-07-02T22:58:00.132653+00:00;OK
1016680;MSC EDNA;Container Ship;;2026-07-02T22:58:09.681144+00:00;OK
1017713;AUSTIN TRADER;Bulk Carrier;;2026-07-02T22:58:20.003271+00:00;OK
1024455;BELGRACE;Bulk Carrier;;2026-07-02T22:58:32.104642+00:00;OK
1042122;LEGENDARY DIVA;Bulk Carrier;;2026-07-02T22:58:43.711360+00:00;OK
1048334;CSPC CRYSTAL;General Cargo Ship;;2026-07-02T22:58:56.003494+00:00;OK
1049807;ZY YULONG;Bulk Carrier;;2026-07-02T22:59:05.997951+00:00;OK
1051109;COSCOSHIPPINGJIXIANG;General Cargo Ship;;2026-07-02T22:59:18.527779+00:00;OK
9145786;ALTO;Bulk Carrier;;2026-07-02T22:59:30.525146+00:00;OK
1051939;CSPC GEMINI;General Cargo Ship;;2026-07-02T22:59:42.134908+00:00;OK
1079292;XIANG HANG 59;Bulk Carrier;;2026-07-02T22:59:53.684680+00:00;OK
1094993;GREEN SHANGHAI;General Cargo Ship;;2026-07-02T23:00:05.407788+00:00;OK
8512906;MSC ADELE;Container Ship;;2026-07-02T23:00:18.159142+00:00;OK
9007544;QUETZAL ARROW;General Cargo Ship;;2026-07-02T23:00:27.540330+00:00;OK
9107306;PINE ARROW;General Cargo Ship;;2026-07-02T23:00:37.924690+00:00;OK
9107318;CANELO ARROW;General Cargo Ship;;2026-07-02T23:00:49.011381+00:00;OK
9142954;GOLDEN ES;Bulk Carrier;;2026-07-02T23:01:01.056449+00:00;OK
9145231;NEPTUNIA;Bulk Carrier;;2026-07-03T00:05:32.082872+00:00;OK
1051111;COSCO SHIPPING RUYI;General Cargo Ship;;2026-07-03T00:05:45.076469+00:00;OK
9310575;TOCAYO;Bulk Carrier;;2026-07-03T00:05:55.661544+00:00;OK
9310721;CALLIO;Bulk Carrier;;2026-07-03T00:06:05.387993+00:00;OK
9311763;LORRAINE;Container Ship;;2026-07-03T00:06:15.741395+00:00;OK
9312664;BELL BAY;Bulk Carrier;;2026-07-03T00:06:25.596948+00:00;OK
9316361;MSC CELINE;Container Ship;;2026-07-03T00:06:35.337626+00:00;OK
9317690;PROPEL PROSPERITY;General Cargo Ship;;2026-07-03T00:06:46.347958+00:00;OK
9317729;LH ANTHEA;Bulk Carrier;;2026-07-03T00:06:58.518504+00:00;OK
9319753;TOMBARRA;Vehicles Carrier;;2026-07-03T00:07:10.674359+00:00;OK
9321108;LADY LAURA;General Cargo Ship;;2026-07-03T00:07:20.657368+00:00;OK
9267687;PROGRESS ACE;Vehicles Carrier;;2026-07-03T00:07:31.460905+00:00;OK
9325178;GOLD STAR;Vehicles Carrier;;2026-07-03T00:07:41.900520+00:00;OK
9326768;MSC NISHA V;Container Ship;;2026-07-03T00:07:54.091617+00:00;OK
9326835;MSC HUSUM III;Container Ship;;2026-07-03T00:08:06.344295+00:00;OK
9331397;JUN YUAN;Bulk Carrier;;2026-07-03T00:08:15.746491+00:00;OK
9338137;MANTA SENA;General Cargo Ship;;2026-07-03T00:08:28.697981+00:00;OK
9338838;SWIFT ACE;Vehicles Carrier;;2026-07-03T00:08:41.102579+00:00;OK
9338852;SUNSHINE ACE;Vehicles Carrier;;2026-07-03T00:08:52.351508+00:00;OK
9343637;TEAL BAY;General Cargo Ship;;2026-07-03T00:09:04.045156+00:00;OK
9347827;INDUSTRIAL DIAMOND;General Cargo Ship;;2026-07-03T00:09:16.440312+00:00;OK
9324148;DALIDA;Bulk Carrier;;2026-07-03T00:09:26.179237+00:00;OK
9267699;PROMINENT ACE;Vehicles Carrier;;2026-07-03T00:09:38.711631+00:00;OK
9272216;CHIPOLBROK MOON;General Cargo Ship;;2026-07-03T00:09:51.625315+00:00;OK
9278143;MSC ELENI;Container Ship;;2026-07-03T00:10:03.601776+00:00;OK
9280770;KE XING 1;Bulk Carrier;;2026-07-03T00:10:15.323825+00:00;OK
9285615;MORNING CALM;Vehicles Carrier;;2026-07-03T00:10:25.232227+00:00;OK
9289934;MAERSK SANTANA;Container Ship;;2026-07-03T00:10:36.073903+00:00;OK
9292137;ALIANCA LEBLON;Container Ship;;2026-07-03T00:10:45.788291+00:00;OK
9293595;EUPHONY ACE;Vehicles Carrier;;2026-07-03T00:10:58.514713+00:00;OK
9293624;TOLEDO;Vehicles Carrier;;2026-07-03T00:11:08.329622+00:00;OK
9308895;DORADO LEADER;Vehicles Carrier;;2026-07-03T00:11:17.956055+00:00;OK
9293650;LIBERTY ACE;Vehicles Carrier;;2026-07-03T00:11:29.913020+00:00;OK
9295220;CMA CGM SHANGHAI;Container Ship;;2026-07-03T00:11:41.073947+00:00;OK
9301043;THE UNITY;Bulk Carrier;;2026-07-03T00:11:53.258849+00:00;OK
9302097;GLEN CANYON;Container Ship;;2026-07-03T00:12:05.686503+00:00;OK
9303314;SJARD;General Cargo Ship;;2026-07-03T00:12:18.016361+00:00;OK
9305087;WINNER;Bulk Carrier;;2026-07-03T00:12:27.680006+00:00;OK
9305207;DELRUBA;Bulk Carrier;;2026-07-03T00:12:38.852187+00:00;OK
9307229;PUSAN C;Container Ship;;2026-07-03T00:12:47.872099+00:00;OK
9308807;GOLD XING;Vehicles Carrier;;2026-07-03T00:12:58.658753+00:00;OK
9293648;PARADISE ACE;Vehicles Carrier;;2026-07-03T00:13:09.687738+00:00;OK
9593658;BBC NORWAY;General Cargo Ship;;2026-07-03T00:35:53.751431+00:00;OK
9593713;VIENNA WOOD N;Bulk Carrier;;2026-07-03T00:36:03.694650+00:00;OK
9593878;STAR LINDESNES;General Cargo Ship;;2026-07-03T00:36:13.574365+00:00;OK
9593880;STAR LOUISIANA;General Cargo Ship;;2026-07-03T00:36:23.728141+00:00;OK
9593892;STAR LOFOTEN;General Cargo Ship;;2026-07-03T00:36:35.003838+00:00;OK
9595187;ODYSSEAS;Bulk Carrier;;2026-07-03T00:36:46.553138+00:00;OK
9595943;SSI VICTORY;Bulk Carrier;;2026-07-03T00:36:55.765862+00:00;OK
9596179;ST GREG;Bulk Carrier;;2026-07-03T00:37:07.278904+00:00;OK
9463657;RIK OLDENDORFF;Bulk Carrier;;2026-07-03T00:37:19.133120+00:00;OK
9603219;PEDRO ALVARES CABRAL;Container Ship;;2026-07-03T00:37:30.102116+00:00;OK
9609354;COOL HERO;Bulk Carrier;;2026-07-03T00:37:41.484742+00:00;OK
9609457;SAGA FUJI;General Cargo Ship;;2026-07-03T00:37:51.632004+00:00;OK
9610418;GENUINE ACE;Vehicles Carrier;;2026-07-03T00:38:01.996822+00:00;OK
9610420;VALIANT ACE;Vehicles Carrier;;2026-07-03T00:38:14.719660+00:00;OK
9610444;PRIME ACE;Vehicles Carrier;;2026-07-03T00:38:24.241855+00:00;OK
9610705;JERICHO BEACH;Bulk Carrier;;2026-07-03T00:38:36.826238+00:00;OK
9610743;BARROW ISLAND;Bulk Carrier;;2026-07-03T00:38:46.943530+00:00;OK
9603116;SSI DEFIANT;Bulk Carrier;;2026-07-03T00:38:56.298328+00:00;OK
9561904;AGIA EKATERINI;Bulk Carrier;;2026-07-03T00:39:07.316778+00:00;OK
9562453;PROPEL PEACE;General Cargo Ship;;2026-07-03T00:39:16.454737+00:00;OK
9563615;HONG HING;Bulk Carrier;;2026-07-03T00:39:26.343978+00:00;OK
9563627;HONG SHENG;Bulk Carrier;;2026-07-03T00:39:36.194280+00:00;OK
9563732;BBC MOONSTONE;General Cargo Ship;;2026-07-03T00:39:45.885210+00:00;OK
9565560;DALIAN HIGHWAY;Vehicles Carrier;;2026-07-03T00:39:57.407903+00:00;OK
9569279;EASTERN LAELIA;Bulk Carrier;;2026-07-03T00:40:08.853657+00:00;OK
9569968;MANDARIN SINGAPORE;Bulk Carrier;;2026-07-03T00:40:19.944670+00:00;OK
9571375;BBC NILE;General Cargo Ship;;2026-07-03T00:40:32.237494+00:00;OK
9590096;STAR APHRODITE;Bulk Carrier;;2026-07-03T00:40:41.738013+00:00;OK
9574004;STELLAR LADY;Bulk Carrier;;2026-07-03T00:40:51.960065+00:00;OK
9577886;DISCOVERER;Bulk Carrier;;2026-07-03T00:41:02.718106+00:00;OK
9578763;BBC BRISBANE;General Cargo Ship;;2026-07-03T00:41:14.104220+00:00;OK
9580106;LM DEMETER;Bulk Carrier;;2026-07-03T01:16:58.268323+00:00;OK
9584059;NEPTUNE ACE;Vehicles Carrier;;2026-07-03T01:17:08.337505+00:00;OK
9587166;VEGA CAROLINE;Bulk Carrier;;2026-07-03T01:17:20.341480+00:00;OK
9588366;ALYCIA;Bulk Carrier;;2026-07-03T01:17:30.662541+00:00;OK
9588378;ALINDA;Bulk Carrier;;2026-07-03T01:17:41.015997+00:00;OK
9590072;NAVIOS CENTAURUS;Bulk Carrier;;2026-07-03T01:17:53.881773+00:00;OK
9571600;MANDULEY;Bulk Carrier;;2026-07-03T01:18:05.347588+00:00;OK
9649706;OCEAN LORRY;Bulk Carrier;;2026-07-03T01:18:17.238635+00:00;OK
9650872;STAR SUZANNA;Bulk Carrier;;2026-07-03T01:18:26.747126+00:00;OK
9651113;GLOVIS CHAMPION;Vehicles Carrier;;2026-07-03T01:18:36.069745+00:00;OK
9655420;SEA FAITH;General Cargo Ship;;2026-07-03T01:18:46.273231+00:00;OK
9668295;MARIGOLD;Bulk Carrier;;2026-07-03T01:18:56.468069+00:00;OK
9670781;CETUS OMURA;Bulk Carrier;;2026-07-03T01:19:06.428844+00:00;OK
9670901;AEOLOS;Bulk Carrier;;2026-07-03T01:19:16.312936+00:00;OK
9672052;BEI LUN 17;Bulk Carrier;;2026-07-03T01:19:29.197901+00:00;OK
9674517;APL DANUBE;Container Ship;;2026-07-03T01:19:39.101249+00:00;OK
9610755;CHILOE ISLAND;Bulk Carrier;;2026-07-03T01:19:50.820565+00:00;OK
9677337;TAN ZHOU LUN;Bulk Carrier;;2026-07-03T01:20:03.021941+00:00;OK
9681883;AFRICAN LAPWING;Bulk Carrier;;2026-07-03T01:20:13.157878+00:00;OK
9684469;ZH CHANG XING;Bulk Carrier;;2026-07-03T01:20:22.992854+00:00;OK
9687095;BIWA ARROW;General Cargo Ship;;2026-07-03T01:20:35.260261+00:00;OK
9687552;CAUQUENES;Container Ship;;2026-07-03T01:20:46.018744+00:00;OK
9691577;BULK FINLAND;Bulk Carrier;;2026-07-03T01:20:57.120585+00:00;OK
9694684;AP DUBRAVA;Bulk Carrier;;2026-07-03T01:21:07.145226+00:00;OK
9697832;FEDERAL BERING;Bulk Carrier;;2026-07-03T01:21:20.091880+00:00;OK
9698654;SAN FRANCISCA;Container Ship;;2026-07-03T01:21:30.241262+00:00;OK
9675743;ULTRA CORY;Bulk Carrier;;2026-07-03T01:21:40.919737+00:00;OK
9610999;ASTERAS;Bulk Carrier;;2026-07-03T01:21:51.085523+00:00;OK
9612777;NC BRUMA;Container Ship;;2026-07-03T01:22:04.050655+00:00;OK
9612791;NC BRAVO;Container Ship;;2026-07-03T01:22:15.971126+00:00;OK
9613769;THEOTOKOS S;Bulk Carrier;;2026-07-03T01:22:27.056141+00:00;OK
9614696;BBC RHEIDERLAND;General Cargo Ship;;2026-07-03T01:22:39.801903+00:00;OK
9617351;CAPTAIN V. MADIAS;Bulk Carrier;;2026-07-03T01:22:50.980427+00:00;OK
9619529;YASA EAGLE;Bulk Carrier;;2026-07-03T01:23:03.781961+00:00;OK
9620695;LEO SPIRIT;Vehicles Carrier;;2026-07-03T01:23:14.956107+00:00;OK
9621003;TRITON WIND I;Bulk Carrier;;2026-07-03T01:23:27.713426+00:00;OK
9644184;GLOBAL SEAS;Bulk Carrier;;2026-07-03T01:23:38.784746+00:00;OK
9622801;CHANG MIN;Bulk Carrier;;2026-07-03T01:23:47.942119+00:00;OK
9625932;MSC MAGALI;Bulk Carrier;;2026-07-03T01:23:57.203415+00:00;OK
9626302;STRATEGIC TENACITY;Bulk Carrier;;2026-07-03T01:24:09.274969+00:00;OK
9627899;TOCONAO;Container Ship;;2026-07-03T01:24:20.798347+00:00;OK
9635406;ARUNA ECE;Bulk Carrier;;2026-07-03T01:24:33.373218+00:00;OK
9635743;DRINA S;Bulk Carrier;;2026-07-03T01:24:44.983823+00:00;OK
9638173;CYMONA ENERGY;Bulk Carrier;;2026-07-03T01:24:54.725070+00:00;OK
9642784;MING DE;Bulk Carrier;;2026-07-03T01:25:08.586504+00:00;OK
9643611;ATAYAL ACE;Bulk Carrier;;2026-07-03T01:25:20.371493+00:00;OK
9621895;WHITE DEFENDER;Bulk Carrier;;2026-07-03T01:25:30.933003+00:00;OK
9490727;SPAR MIRA;Bulk Carrier;;2026-07-03T01:25:42.480690+00:00;OK
9490777;ELIAS;Bulk Carrier;;2026-07-03T01:25:53.412513+00:00;OK
9491472;SOUTH;Container Ship;;2026-07-03T01:26:03.735472+00:00;OK
9491501;NORTH;Container Ship;;2026-07-03T01:26:13.056424+00:00;OK
9493690;VIRTOUS STRIKER;Bulk Carrier;;2026-07-03T01:26:22.260908+00:00;OK
9493987;MOONBEAM;Bulk Carrier;;2026-07-03T01:26:32.073112+00:00;OK
9494096;DIAMANTI;Bulk Carrier;;2026-07-03T01:26:42.885326+00:00;OK
9494101;VOSPOROS;Bulk Carrier;;2026-07-03T01:26:55.187206+00:00;OK
9496185;KERASIA S;General Cargo Ship;;2026-07-03T01:27:06.841431+00:00;OK
9561277;GLORIOUS ACE;Vehicles Carrier;;2026-07-03T01:27:18.799745+00:00;OK
9500065;BOCS PASSION;General Cargo Ship;;2026-07-03T01:27:31.064410+00:00;OK
9500297;AGIA YPOMONI;Bulk Carrier;;2026-07-03T01:27:40.814653+00:00;OK
9504750;BBC EMERALD;General Cargo Ship;;2026-07-03T01:27:50.261085+00:00;OK
9504786;BBC PEARL;General Cargo Ship;;2026-07-03T01:28:00.493977+00:00;OK
9507609;FORTUNAGRACHT;General Cargo Ship;;2026-07-03T01:28:10.118879+00:00;OK
9507611;FLORETGRACHT;General Cargo Ship;;2026-07-03T01:28:23.122863+00:00;OK
9508304;BBC GANGES;General Cargo Ship;;2026-07-03T01:28:35.255698+00:00;OK
9508407;BBC EVEREST;General Cargo Ship;;2026-07-03T01:28:46.337471+00:00;OK
9508433;BBC MONT BLANC;General Cargo Ship;;2026-07-03T01:28:55.784796+00:00;OK
9499486;PCT ARTEMIS;Chemical/Oil Products Tanker;;2026-07-03T01:29:06.410177+00:00;OK
9464780;MARINER K;Bulk Carrier;;2026-07-03T01:29:18.620458+00:00;OK
9465382;GRANDE COSTA DAVORI;Ro-Ro Cargo Ship;;2026-07-03T01:29:29.208800+00:00;OK
9467237;LADY HELENE;General Cargo Ship;;2026-07-03T01:29:41.841351+00:00;OK
9467548;REVENGER;Bulk Carrier;;2026-07-03T01:29:51.576391+00:00;OK
9467562;BOS ANJIL;Bulk Carrier;;2026-07-03T01:30:02.851282+00:00;OK
9470375;GOLDEN FRIO;Bulk Carrier;;2026-07-03T01:30:15.071973+00:00;OK
9472737;GINGA BOBCAT;Chemical/Oil Products Tanker;;2026-07-03T01:30:26.407691+00:00;OK
9473250;CONDOR BILBAO;General Cargo Ship;;2026-07-03T01:30:36.499320+00:00;OK
9488102;WADOWICE II;Bulk Carrier;;2026-07-03T01:30:51.900401+00:00;OK
9474371;XIN HAI TONG 501;General Cargo Ship;;2026-07-03T01:31:04.036652+00:00;OK
9474802;THOR BREEZE;Bulk Carrier;;2026-07-03T01:31:16.688716+00:00;OK
9477608;HARMONY OCEAN;General Cargo Ship;;2026-07-03T01:31:28.348312+00:00;OK
9477919;MORNING CAMILLA;Vehicles Carrier;;2026-07-03T01:31:40.145227+00:00;OK
9478482;CORINTHIAN SPIRE;General Cargo Ship;;2026-07-03T01:31:53.109092+00:00;OK
9478913;SSI MAJESTY;Bulk Carrier;;2026-07-03T01:32:03.449104+00:00;OK
9479046;SUPRA MONARCH;Bulk Carrier;;2026-07-03T01:32:15.141376+00:00;OK
9486568;ODYSSEAS;Bulk Carrier;;2026-07-03T01:32:27.508219+00:00;OK
9486594;ELEOVRYTISSA;Bulk Carrier;;2026-07-03T01:32:38.562095+00:00;OK
9473406;BULKTEC;Bulk Carrier;;2026-07-03T01:32:49.396769+00:00;OK
9535606;ONEGO OTRA;General Cargo Ship;;2026-07-03T01:32:58.428570+00:00;OK
9539224;CRYSTAL ACE;Vehicles Carrier;;2026-07-03T01:33:08.502998+00:00;OK
9539444;V LYRA;General Cargo Ship;;2026-07-03T01:33:18.896867+00:00;OK
9541631;UNION GLORY;Bulk Carrier;;2026-07-03T01:33:28.361175+00:00;OK
9542166;NV MINERVA;Chemical/Oil Products Tanker;;2026-07-03T01:33:37.925291+00:00;OK
9542336;UAL BODEWES;General Cargo Ship;;2026-07-03T01:33:48.282333+00:00;OK
9542350;UAL TEXAS;General Cargo Ship;;2026-07-03T01:33:57.900331+00:00;OK
9542520;CS CALLA;Bulk Carrier;;2026-07-03T01:34:07.078341+00:00;OK
9545077;MAREM;Bulk Carrier;;2026-07-03T01:34:19.526517+00:00;OK
9509956;FLEVOGRACHT;General Cargo Ship;;2026-07-03T01:34:32.292640+00:00;OK
9548823;STAR NAVARRA;General Cargo Ship;;2026-07-03T01:34:44.215590+00:00;OK
9549372;OCCITAN LISTRAC;Bulk Carrier;;2026-07-03T01:34:56.098044+00:00;OK
9549592;BBC PERU;General Cargo Ship;;2026-07-03T01:35:08.455519+00:00;OK
9552886;CONDOR ARROW;General Cargo Ship;;2026-07-03T01:35:20.990007+00:00;OK
9552898;PIPIT ARROW;General Cargo Ship;;2026-07-03T01:35:30.531251+00:00;OK
9552953;LINDEN ARROW;General Cargo Ship;;2026-07-03T01:35:42.360520+00:00;OK
9553141;APOGEE ENDEAVOUR;Bulk Carrier;;2026-07-03T01:35:55.586263+00:00;OK
9554200;PRECIOUS ACE;Vehicles Carrier;;2026-07-03T01:36:04.725967+00:00;OK
9559872;BBC NAGASAKI;General Cargo Ship;;2026-07-03T01:36:14.741652+00:00;OK
9545508;NIKE;Bulk Carrier;;2026-07-03T01:36:23.867425+00:00;OK
9510357;CAPTAIN GEORGE;Bulk Carrier;;2026-07-03T01:36:34.746222+00:00;OK
9512305;NBA MONET;Bulk Carrier;;2026-07-03T01:36:46.884766+00:00;OK
9512355;LAAX;Bulk Carrier;;2026-07-03T01:36:57.602824+00:00;OK
9516399;LEMESSOS WIND;Bulk Carrier;;2026-07-03T01:37:09.505565+00:00;OK
9518098;LOTUS;Bulk Carrier;;2026-07-03T01:37:22.214502+00:00;OK
9518177;BLUE RIDGE;Bulk Carrier;;2026-07-03T01:37:31.691248+00:00;OK
9519298;NIRVANA I;Bulk Carrier;;2026-07-03T01:37:42.015373+00:00;OK
9520649;ORIENT FOCUS;Bulk Carrier;;2026-07-03T01:37:51.541546+00:00;OK
9520883;STAR SIRIUS;Bulk Carrier;;2026-07-03T01:38:00.685638+00:00;OK
9532824;TIMBER NAVIGATOR;General Cargo Ship;;2026-07-03T01:38:10.824056+00:00;OK
9520936;KRISTINITA;Bulk Carrier;;2026-07-03T01:38:22.742295+00:00;OK
9522908;GABRIELLA;Bulk Carrier;;2026-07-03T01:38:35.060163+00:00;OK
9523158;YUE GUAN FENG;Bulk Carrier;;2026-07-03T01:38:46.862593+00:00;OK
9526978;MAERSK LABERINTO;Container Ship;;2026-07-03T01:38:58.593665+00:00;OK
9529530;JAPIN ARROW;General Cargo Ship;;2026-07-03T01:39:11.454664+00:00;OK
9529580;NANDU ARROW;General Cargo Ship;;2026-07-03T01:39:21.325137+00:00;OK
9529592;EAGLE ARROW;General Cargo Ship;;2026-07-03T01:39:30.488902+00:00;OK
9529619;VERBIER;Bulk Carrier;;2026-07-03T01:39:43.427372+00:00;OK
9532197;MORNING CLOUD;Bulk Carrier;;2026-07-03T01:39:54.296429+00:00;OK
9520895;STAR VEGA;Bulk Carrier;;2026-07-03T01:40:06.135696+00:00;OK
