Países;Via;Código SH2;Descrição SH2;2025 - Valor US$ FOB;2025 - Quilograma Líquido
China;MARITIMA;02;Carnes e miudezas, comestíveis;9813811184;2056491073
China;MARITIMA;03;Peixes e crustáceos, moluscos e outros invertebrados aquáticos;49333006;5821282
China;MARITIMA;04;"Leite e lacticínios; ovos de aves; mel natural; produtos comestíveis de origem animal, não especificados nem compreendidos noutros Capítulos";4911811;6892181
China;MARITIMA;05;Outros produtos de origem animal, não especificados nem compreendidos noutros Capítulos;956284;896052
China;MARITIMA;06;Plantas vivas e produtos de floricultura;894964;94449
China;MARITIMA;07;Produtos hortícolas, plantas, raízes e tubérculos, comestíveis.;346336;155050
China;MARITIMA;08;"Frutas; cascas de frutos cítricos e de melões";1294252;236208
China;MARITIMA;09;Café, chá, mate e especiarias;459465696;67595434
China;MARITIMA;10;Cereais;359279824;1810277318
China;MARITIMA;11;"Produtos da indústria de moagem; malte; amidos e féculas; inulina; glúten de trigo";217401;79492
China;MARITIMA;12;"Sementes e frutos oleaginosos; grãos, sementes e frutos diversos; plantas industriais ou medicinais; palhas e forragens";34729044583;85607394795
China;MARITIMA;13;Gomas, resinas e outros sucos e extratos vegetais;28539839;4807793
China;MARITIMA;14;Matérias para entrançar e outros produtos de origem vegetal, não especificados nem compreendidos noutros Capítulos;7719342;21659077
China;MARITIMA;15;"Gorduras e óleos animais ou vegetais; produtos da sua dissociação; gorduras alimentares elaboradas; ceras de origem animal ou vegetal";710078855;861628730
China;MARITIMA;16;Preparações de carne, de peixes ou de crustáceos, de moluscos ou de outros invertebrados aquáticos;753663;41139
China;MARITIMA;17;Açúcares e produtos de confeitaria;1900015643;4744263569
China;MARITIMA;18;Cacau e suas preparações;1893735;272273
China;MARITIMA;19;"Preparações à base de cereais, farinhas, amidos, féculas ou leite; produtos de pastelaria";558503;246679
China;MARITIMA;20;Preparações de produtos hortícolas, de frutas ou de outras partes de plantas;99306355;24003301
China;MARITIMA;21;Preparações alimentícias diversas;8608665;1612687
China;MARITIMA;22;Bebidas, líquidos alcoólicos e vinagres;747440;568844
China;MARITIMA;23;"Resíduos e desperdícios das indústrias alimentares; alimentos preparados para animais";51912174;56130343
China;MARITIMA;24;Tabaco e seus sucedâneos manufaturados;576550429;64831036
China;MARITIMA;25;"Sal; enxofre; terras e pedras; gesso, cal e cimento";336622363;1163998336
China;MARITIMA;26;Minerios, escórias e cinzas;20998160154;2,97005E+11
China;MARITIMA;27;"Combustíveis minerais, óleos minerais e produtos da sua destilação; matérias betuminosas; ceras minerais";20548266359;45478608601
China;MARITIMA;28;"Produtos químicos inorgânicos; compostos inorgânicos ou orgânicos de metais preciosos, de elementos radioativos, de metais das terras raras ou de isótopos";159974970;181144045
China;MARITIMA;29;Produtos químicos orgânicos;112248005;73039854
China;MARITIMA;30;Produtos farmacêuticos;2379437;18628
China;MARITIMA;31;Adubos (fertilizantes);581998;2088233
China;MARITIMA;32;"Extratos tanantes e tintoriais; taninos e seus derivados; pigmentos e outras matérias corantes; tintas e vernizes; mástiques; tintas de escrever";12334481;4740015
China;MARITIMA;33;"Óleos essenciais e resinóides; produtos de perfumaria ou de toucador preparados e preparações cosméticas";67264329;5243101
China;MARITIMA;34;"Sabões, agentes orgânicos de superfície, preparações para lavagem, preparações lubrificantes, ceras artificiais, ceras preparadas, produtos de conservação e limpeza, velas e artigos semelhantes, massas ou pastas para modelar, ""ceras"" para dentistas e Comp";3149212;1106151
China;MARITIMA;35;"Matérias albuminóides; produtos à base de amidos ou de féculas modificados; colas; enzimas";2472310;766668
China;MARITIMA;36;"Pólvoras e explosivos; artigos de pirotecnia; fósforos; ligas pirofóricas; matérias inflamáveis";3530;117
China;MARITIMA;38;Produtos diversos das indústrias químicas;38646554;25598960
China;MARITIMA;39;Plásticos e suas obras;79991224;82039909
China;MARITIMA;40;Borracha e suas obras;17329430;5674328
China;MARITIMA;41;Peles, exceto as peles com pelo, e couros;340626284;270025758
China;MARITIMA;42;"Obras de couro; artigos de correeiro ou de seleiro; artigos de viagem, bolsas e artefatos semelhantes; obras de tripa";210513;10239
China;MARITIMA;43;"Peles com pelo e suas obras; peles com pelo artificiais";228729;19044
China;MARITIMA;44;Madeira, carvão vegetal e obras de madeira;112842337;603449953
China;MARITIMA;47;"Pastas de madeira ou de outras matérias fibrosas celulósicas; papel ou cartão para reciclar (desperdícios e aparas).";4919951867;10552234409
China;MARITIMA;48;"Papel e cartão; obras de pasta de celulose, de papel ou de cartão";36526173;51639923
China;MARITIMA;49;"Livros, jornais, gravuras e outros produtos das indústrias gráficas; textos manuscritos ou datilografados, planos e plantas";10266;895
China;MARITIMA;50;Seda;1045608;92569
China;MARITIMA;51;"Lã, pelos finos ou grosseiros; fios e tecidos de crina";27732;32924
China;MARITIMA;52;Algodão;830284463;513709855
China;MARITIMA;53;"Outras fibras têxteis vegetais; fios de papel e tecidos de fios de papel";33449085;30531140
China;MARITIMA;54;Filamentos sintéticos ou artificiais;463234;43775
China;MARITIMA;55;Fibras sintéticas ou artificiais, descontínuas;4244;39290
China;MARITIMA;56;"Pastas (ouates), feltros e falsos tecidos; fios especiais; cordéis, cordas e cabos; artigos de cordoaria";330393;91483
China;MARITIMA;57;Tapetes e outros revestimentos para pisos (pavimentos), de matérias têxteis;33265;1940
China;MARITIMA;58;"Tecidos especiais; tecidos tufados; rendas; tapeçarias; passamanarias; bordados.";107566;19720
China;MARITIMA;59;"Tecidos impregnados, revestidos, recobertos ou estratificados; artigos para usos técnicos de matérias têxteis";1096362;32042
China;MARITIMA;60;Tecidos de malha;110929;6135
China;MARITIMA;61;Vestuário e seus acessórios, de malha;43583;645
China;MARITIMA;62;Vestuário e seus acessórios, exceto de Malha;68796;764
China;MARITIMA;63;"Outros artefatos têxteis confeccionados; sortidos; artefatos de matérias têxteis, calçados, chapéus e artefatos de uso semelhante, usados; trapos";45899;5490
China;MARITIMA;64;"Calçados, polainas e artefatos semelhantes; suas partes";6273525;316993
China;MARITIMA;65;Chapéus e artefatos de uso semelhante, e suas partes;116765;6789
China;MARITIMA;66;Guarda-chuvas, sombrinhas, guarda-sóis, bengalas, bengalas-assentos, chicotes, pingalins, e suas partes;276;1
China;MARITIMA;67;"Penas e penugem preparadas e suas obras; flores artificiais; obras de cabelo";1776;28
China;MARITIMA;68;Obras de pedra, gesso, cimento, amianto, mica ou de matérias semelhantes;14777406;4574995
China;MARITIMA;69;Produtos cerâmicos;111905;40457
China;MARITIMA;70;Vidro e suas obras;96689;9682
China;MARITIMA;71;"Pérolas naturais ou cultivadas, pedras preciosas ou semipreciosas e semelhantes, metais preciosos, metais folheados ou chapeados de metais preciosos (plaquê), e suas obras; bijuterias; moedas";45393145;12188988
China;MARITIMA;72;Ferro fundido, ferro e aço;1659760713;153927401
China;MARITIMA;73;Obras de ferro fundido, ferro ou aço;6631493;2997839
China;MARITIMA;74;Cobre e suas obras;159676795;23229349
China;MARITIMA;75;Níquel e suas obras;499583;17956
China;MARITIMA;76;Alumínio e suas obras;19305511;10041840
China;MARITIMA;78;Chumbo e suas obras;50898;27420
China;MARITIMA;79;Zinco e suas obras;641639;188609
China;MARITIMA;80;Estanho e suas obras;3750;25000
China;MARITIMA;81;"Outros metais comuns; ceramais (cermets); obras dessas matérias";47802729;772555
China;MARITIMA;82;Ferramentas, artefatos de cutelaria e talheres, e suas partes, de metais comuns;4817553;335127
China;MARITIMA;83;Obras diversas de metais comuns;137494;38196
China;MARITIMA;84;Reatores nucleares, caldeiras, máquinas, aparelhos e instrumentos mecânicos, e suas partes;159449078;7835463
China;MARITIMA;85;"Máquinas, aparelhos e materiais elétricos, e suas partes; aparelhos de gravação ou de reprodução de som, aparelhos de gravação ou de reprodução de imagens e de som em televisão, e suas partes e acessórios";31402720;2759811
China;MARITIMA;86;"Veículos e material para vias férreas ou semelhantes, e suas partes; aparelhos mecânicos (incluindo os eletromecânicos) de sinalização para vias de comunicação";3191463;1121567
China;MARITIMA;87;Veículos automóveis, tratores, ciclos e outros veículos terrestres, suas partes e acessórios;7628973;647386
China;MARITIMA;89;Embarcações e estruturas flutuantes;7745;244
China;MARITIMA;90;"Instrumentos e aparelhos de óptica, de fotografia, de cinematografia, de medida, de controle ou de precisão; instrumentos e aparelhos médico-cirúrgicos; suas partes e acessórios";6315157;92858
China;MARITIMA;91;Artigos de relojoaria;4443;68
China;MARITIMA;92;"Instrumentos musicais; suas partes e acessórios";224;1
China;MARITIMA;94;"Móveis; mobiliário médico-cirúrgico, colchões, almofadas e semelhantes; aparelhos de iluminação não especificados nem compreendidos em outros capítulos; anúncios, cartazes ou tabuletas e placas indicadoras luminosos, e artigos semelhantes; Construções Pré";877073;286322
China;MARITIMA;95;"Brinquedos, jogos, artigos para divertimento ou para esporte; suas partes e acessórios";318410;981397
China;MARITIMA;96;Obras diversas;685496;69690
